"Probability","RPI"
0.2,0.425562454982821
0.2,0.423447045940493
0.2,0.424768888728909
0.2,0.446941101201003
0.2,0.432438080588005
0.2,0.444584192536888
0.2,0.413028213658971
0.2,0.410958725594223
0.2,0.406980157461472
0.2,0.410508347558923
0.2,0.398521619969018
0.2,0.407292480741788
0.2,0.422513309320923
0.2,0.43423636841829
0.2,0.447156467831787
0.2,0.4434081069214
0.2,0.446468197487239
0.2,0.429179962499679
0.2,0.442851484693921
0.2,0.430434547636011
0.2,0.440656232442712
0.2,0.433491837373073
0.2,0.47094202794958
0.2,0.406817027369728
0.2,0.407658689840093
0.2,0.451539706198752
0.2,0.420754134823358
0.2,0.428079262302025
0.2,0.41733069476387
0.2,0.405435201433439
0.2,0.413807126778223
0.2,0.451921691937493
0.2,0.434088654607086
0.2,0.468930613500562
0.2,0.416538290177717
0.2,0.406340987121945
0.2,0.456558283940178
0.2,0.412799615644904
0.2,0.414848191431533
0.2,0.421950746090826
0.2,0.459705524254208
0.2,0.462092417593459
0.2,0.416443456510258
0.2,0.403946451144111
0.2,0.393385573617096
0.2,0.41952655324078
0.2,0.419120647659148
0.2,0.414708258850404
0.2,0.418127564707421
0.2,0.407024706772621
0.2,0.419084738308611
0.2,0.449764375224936
0.2,0.434333683046205
0.2,0.412763544525163
0.2,0.413672183110574
0.2,0.432536795019804
0.2,0.418485766902119
0.2,0.418301962694004
0.2,0.437931246531338
0.2,0.405803538285641
0.2,0.391951605993772
0.2,0.420003803225243
0.2,0.405654542513793
0.2,0.443701412348906
0.2,0.424077729853831
0.2,0.409926256677776
0.2,0.42203976822455
0.2,0.451225301304421
0.2,0.42479896339809
0.2,0.435427502120866
0.2,0.449537158143613
0.2,0.476506957347441
0.2,0.432882329952456
0.2,0.439125682454219
0.2,0.423261189489977
0.2,0.432708588168681
0.2,0.456716651309441
0.2,0.422790152298001
0.2,0.435266942394733
0.2,0.40052354335874
0.2,0.433959465727432
0.2,0.376058313077464
0.2,0.445072215375531
0.2,0.444555256147793
0.2,0.421933694617849
0.2,0.426229857776012
0.2,0.422001837535214
0.2,0.469439953562341
0.2,0.455130481513882
0.2,0.442254709608888
0.2,0.386174788080759
0.2,0.416157227208988
0.2,0.456774874866819
0.2,0.420808939293483
0.2,0.415365418081434
0.2,0.429066331174297
0.2,0.426827775317139
0.2,0.431887630317833
0.2,0.397663138254083
0.2,0.428072821304432
0.2,0.430434293880128
0.2,0.432261257380283
0.2,0.415186361453193
0.2,0.449655029350783
0.2,0.440008110569997
0.2,0.436135060146601
0.2,0.421148335255432
0.2,0.428274600713105
0.2,0.41570739793538
0.2,0.440148919562315
0.2,0.38732977840521
0.2,0.421226791073572
0.2,0.42851091109007
0.2,0.434096927077729
0.2,0.417525863101163
0.2,0.421882624723135
0.2,0.420395032216195
0.2,0.449326360492393
0.2,0.399831740253176
0.2,0.41784610303461
0.2,0.426631056619148
0.2,0.382408001345912
0.2,0.438738301379513
0.2,0.44209006124624
0.2,0.427803076212913
0.2,0.445896242277088
0.2,0.438948733428516
0.2,0.45266351555238
0.2,0.428990829299347
0.2,0.427615283721073
0.2,0.405605423400736
0.2,0.442443198775783
0.2,0.465548695528012
0.2,0.450044706211563
0.2,0.427944532539766
0.2,0.430431106965493
0.2,0.459883069403471
0.2,0.417517702550468
0.2,0.426619080240369
0.2,0.448915332535079
0.2,0.400926888171493
0.2,0.450659144759141
0.2,0.432494816045842
0.2,0.406742181046631
0.2,0.462038433848698
0.2,0.4325491579136
0.2,0.407405816500308
0.2,0.442944697460106
0.2,0.411449183255139
0.2,0.423251319567825
0.2,0.444239461756577
0.2,0.389933047666776
0.2,0.412797095016876
0.2,0.462701973274923
0.2,0.428628595600101
0.2,0.438794824324251
0.2,0.45016739669652
0.2,0.409107420359065
0.2,0.400040220530383
0.2,0.454423081389504
0.2,0.423229237285273
0.2,0.397677122244521
0.2,0.445149525583142
0.2,0.446015956385049
0.2,0.403806034836661
0.2,0.444049932387375
0.2,0.402408223014967
0.2,0.434642270931285
0.2,0.428903696316902
0.2,0.419750197845809
0.2,0.433695820374985
0.2,0.42386204867396
0.2,0.41837498183839
0.2,0.468306494919994
0.2,0.419331574436983
0.2,0.434881574708444
0.2,0.454505433075087
0.2,0.444728318928534
0.2,0.465056825136018
0.2,0.433288138082726
0.2,0.412673470996095
0.2,0.444738294582561
0.2,0.439850030335828
0.2,0.449053225828033
0.2,0.436858193018135
0.2,0.401020000989853
0.2,0.428360118538219
0.2,0.413040164372706
0.2,0.444921737655298
0.2,0.474696184273875
0.2,0.422747058639501
0.2,0.396432866849432
0.2,0.42937056478745
0.2,0.430162279599043
0.2,0.446399159378315
0.2,0.416114722652333
0.2,0.451364699756161
0.2,0.405586621439048
0.2,0.443411105494221
0.2,0.399067700871387
0.2,0.392322863121211
0.2,0.401806894084417
0.2,0.410289056924892
0.2,0.431634786141552
0.2,0.433553169325816
0.2,0.425538357436045
0.2,0.395323428767909
0.2,0.451918649559226
0.2,0.40832301692433
0.2,0.402913084638569
0.2,0.463084430318653
0.2,0.454651990504785
0.2,0.439570850484852
0.2,0.417432153014488
0.2,0.449626872461202
0.2,0.478425561399331
0.2,0.425023659732566
0.2,0.44630426663025
0.2,0.441806560316832
0.2,0.428304414741984
0.2,0.423367589700346
0.2,0.413523066327381
0.2,0.45633733131825
0.2,0.405486718343949
0.2,0.437698965050365
0.2,0.437921139596376
0.2,0.424690581713086
0.2,0.439922331833064
0.2,0.435224360089383
0.2,0.411631363541865
0.2,0.380662543118192
0.2,0.429682904395422
0.2,0.471682301715288
0.2,0.453366988748517
0.2,0.411911752117322
0.2,0.436058119811549
0.2,0.455414156174459
0.2,0.439961001424925
0.2,0.416920155354253
0.2,0.438651533636254
0.2,0.417027246581177
0.2,0.449809620870335
0.2,0.43549341709703
0.2,0.395263267579058
0.2,0.424320095266701
0.2,0.414771538006703
0.2,0.437658174562909
0.2,0.438611988792174
0.2,0.46013901011346
0.2,0.458168546373065
0.2,0.425349244945074
0.2,0.432207579091967
0.2,0.419456143553668
0.2,0.436920386394362
0.2,0.460415986760615
0.2,0.412993489666586
0.2,0.474331162672571
0.2,0.450119991368793
0.2,0.437655348858668
0.2,0.419463264555306
0.2,0.433045902376977
0.2,0.446921892457884
0.2,0.407344551447311
0.2,0.406505690580293
0.2,0.414442860139663
0.2,0.431622264669859
0.2,0.435627270002854
0.2,0.431368253684618
0.2,0.413698033033069
0.2,0.457118537688858
0.2,0.426164714825683
0.2,0.437937523117283
0.2,0.401798352560296
0.2,0.434170592499762
0.2,0.424408302177462
0.2,0.429479251840096
0.2,0.40025763593509
0.2,0.437209718584129
0.2,0.44404698418044
0.2,0.394712051392709
0.2,0.469048147487629
0.2,0.419898265588182
0.2,0.444395013773777
0.2,0.413868455437215
0.2,0.474471620791914
0.2,0.425510411984269
0.2,0.413657280771033
0.2,0.423275477509519
0.2,0.4212486019629
0.2,0.425894224324775
0.2,0.470828387033353
0.2,0.412305604497862
0.2,0.447535430287889
0.2,0.441687820670012
0.2,0.422984054138919
0.2,0.442226721735118
0.2,0.404138030402033
0.2,0.455605675984584
0.2,0.456263176130699
0.2,0.452152894299966
0.2,0.428899926209508
0.2,0.42111979696139
0.2,0.440647959480327
0.2,0.43057457670913
0.2,0.468255454907628
0.2,0.469051853319308
0.2,0.430265250493507
0.2,0.42542251868011
0.2,0.441084121363737
0.2,0.448452907873053
0.2,0.487153822287101
0.2,0.411713030716235
0.2,0.424759621513216
0.2,0.382601532715237
0.2,0.4279369495202
0.2,0.445145731607605
0.2,0.424653891796595
0.2,0.447165149557774
0.2,0.420195041609652
0.2,0.462364530978924
0.2,0.413862974307109
0.2,0.451345545288171
0.2,0.433963104324516
0.2,0.455676218228892
0.2,0.44202046203639
0.2,0.418926863082848
0.2,0.426508366968455
0.2,0.466732838835572
0.2,0.417860750194916
0.2,0.450196363633203
0.2,0.424809954839601
0.2,0.431256146376994
0.2,0.417292118708371
0.2,0.416029055624197
0.2,0.39229127723426
0.2,0.461228801300622
0.2,0.444409266755126
0.2,0.42656003620418
0.2,0.440822820385729
0.2,0.434296337772467
0.2,0.440281411784108
0.2,0.454850168914393
0.2,0.418633083189716
0.2,0.439737577888771
0.2,0.431679128483879
0.2,0.436940760007782
0.2,0.421308403976961
0.2,0.42204851041236
0.2,0.42586764340957
0.2,0.441258491319391
0.2,0.437990731248802
0.2,0.419163653928259
0.2,0.437034697806641
0.2,0.442689378388254
0.2,0.399854351449826
0.2,0.468939142854521
0.2,0.415557472975886
0.2,0.409446494407753
0.2,0.42824341182866
0.2,0.437512493744591
0.2,0.433759330672754
0.2,0.447519989691309
0.2,0.427459431066786
0.2,0.405787496898835
0.2,0.445323261821854
0.2,0.432730486700552
0.2,0.427118021462375
0.2,0.393148615422418
0.2,0.44317068703219
0.2,0.422498017011557
0.2,0.419921453402885
0.2,0.419177186359145
0.2,0.454603684393327
0.2,0.42067830759866
0.2,0.427135899602545
0.2,0.447369615949646
0.2,0.455007087260452
0.2,0.448254252883906
0.2,0.409678528222166
0.2,0.401534128074658
0.2,0.417936697978557
0.2,0.438402480489392
0.2,0.409455002848002
0.2,0.41602176356397
0.2,0.448134033805114
0.2,0.412237378231731
0.2,0.464985239355488
0.2,0.41379526299968
0.2,0.40192296383501
0.2,0.412623150263054
0.2,0.430906180849839
0.2,0.424436906454193
0.2,0.423590065443203
0.2,0.475774506618617
0.2,0.429769543413746
0.2,0.432984418813497
0.2,0.404102669254509
0.2,0.416972176346613
0.2,0.402839478996674
0.2,0.420890261811027
0.2,0.456519891959809
0.2,0.432590167498617
0.2,0.405977037192213
0.2,0.428635026532201
0.2,0.434576207999636
0.2,0.460690771666434
0.2,0.44558057895224
0.2,0.411058105174012
0.2,0.477151240804573
0.2,0.443285479487769
0.2,0.4379892894045
0.2,0.462323133348369
0.2,0.43208208275133
0.2,0.425997864637363
0.2,0.420848953825833
0.2,0.41786380382795
0.2,0.423338857876602
0.2,0.389154950124864
0.2,0.406285981795517
0.2,0.430767919738279
0.2,0.43783353870115
0.2,0.416866806599088
0.2,0.428222106959039
0.2,0.408940968969451
0.2,0.450932670948898
0.2,0.43649097912307
0.2,0.423564105880384
0.2,0.435815908135444
0.2,0.445539684930863
0.2,0.410333108486942
0.2,0.432156712547401
0.2,0.442364314299733
0.2,0.465727731955536
0.2,0.443934481377461
0.2,0.416362527811224
0.2,0.436394756796096
0.2,0.455398458537142
0.2,0.479975763479916
0.2,0.440434091654786
0.2,0.441756747886811
0.2,0.458743236138664
0.2,0.451438367745531
0.2,0.425957132943749
0.2,0.415556436060414
0.2,0.402913920971093
0.2,0.420303750624949
0.2,0.418077666107739
0.2,0.453694476199152
0.2,0.396931151658718
0.2,0.41443325678147
0.2,0.458129321647139
0.2,0.418927438379327
0.2,0.427337844961478
0.2,0.427787288071469
0.2,0.493715287309443
0.2,0.460391516222045
0.2,0.43349355178546
0.2,0.430601211582631
0.2,0.434858930124778
0.2,0.461433700987117
0.2,0.438438957927729
0.2,0.447516261769099
0.2,0.441036855972995
0.2,0.418065224186835
0.2,0.439432247087041
0.2,0.436239931241635
0.2,0.417996105526694
0.2,0.414158610281073
0.2,0.46109212154664
0.2,0.421985630467368
0.2,0.434935966724502
0.2,0.439970401332673
0.2,0.42627858565925
0.2,0.406859804133638
0.2,0.417613660296115
0.2,0.433781175488
0.2,0.442116660285432
0.2,0.434554816922175
0.2,0.440308343516829
0.2,0.426362877001215
0.2,0.417273652629621
0.2,0.435275775504588
0.2,0.402664613348315
0.2,0.422746906388387
0.2,0.394319835755892
0.2,0.448557379257246
0.2,0.42872222982149
0.2,0.44466609334705
0.2,0.429346367532582
0.2,0.438177423262896
0.2,0.448663098299758
0.2,0.425461977411204
0.2,0.444697839337146
0.2,0.408898055612359
0.2,0.420158388828849
0.2,0.437369176518258
0.2,0.432942664400583
0.2,0.396797382346835
0.2,0.414769173929959
0.2,0.471123703180892
0.3,0.463163393432574
0.3,0.431733287342023
0.3,0.453293790589442
0.3,0.455795128982749
0.3,0.441333141341221
0.3,0.46979123032885
0.3,0.437136356312011
0.3,0.463476603255049
0.3,0.416892428500033
0.3,0.446746177911213
0.3,0.406702689478977
0.3,0.435157055202865
0.3,0.46419876140076
0.3,0.485108271943587
0.3,0.494138716416786
0.3,0.477971831311446
0.3,0.469878468049134
0.3,0.444200030992526
0.3,0.468062146292181
0.3,0.439515897065136
0.3,0.490009092152361
0.3,0.461359163791485
0.3,0.495145297631513
0.3,0.459997985860089
0.3,0.436864007549688
0.3,0.475182046150497
0.3,0.428390577906452
0.3,0.455761101979954
0.3,0.466469506652744
0.3,0.422213681721537
0.3,0.430679590561254
0.3,0.506390372403719
0.3,0.441690553253994
0.3,0.478098869097587
0.3,0.458559600380999
0.3,0.451080972612867
0.3,0.474299775416535
0.3,0.429527932563937
0.3,0.432294207906439
0.3,0.46514602965454
0.3,0.484031218620055
0.3,0.482576679160289
0.3,0.4436195202835
0.3,0.412164357177222
0.3,0.422173621345616
0.3,0.446691202668737
0.3,0.43857766213995
0.3,0.429292566971113
0.3,0.452649136636158
0.3,0.459100655316772
0.3,0.452186420714785
0.3,0.449764375224936
0.3,0.481095450103105
0.3,0.486801333365389
0.3,0.420868142864796
0.3,0.462468521697706
0.3,0.436688188622777
0.3,0.455127374000591
0.3,0.494834309136397
0.3,0.45134944677441
0.3,0.431883141237141
0.3,0.462975933959128
0.3,0.467305956154941
0.3,0.478743700167575
0.3,0.460634466184701
0.3,0.420905063344321
0.3,0.45776127826229
0.3,0.489354738362428
0.3,0.47673241168697
0.3,0.46214712872534
0.3,0.475523331383784
0.3,0.5118188394291
0.3,0.478418265739301
0.3,0.481917800872683
0.3,0.466916973914886
0.3,0.458694311575354
0.3,0.473308459632546
0.3,0.448322634815872
0.3,0.453771520487044
0.3,0.432482506012875
0.3,0.480205683041292
0.3,0.4004250884632
0.3,0.461198827065889
0.3,0.472023850839658
0.3,0.448426081599584
0.3,0.433403110742149
0.3,0.430966536370097
0.3,0.480098860667072
0.3,0.463231182987084
0.3,0.460626623319467
0.3,0.421484184584949
0.3,0.435080690683725
0.3,0.480847727407009
0.3,0.448515948654243
0.3,0.442283657988615
0.3,0.454348272410608
0.3,0.435285745131234
0.3,0.441115946242946
0.3,0.441919675163272
0.3,0.451297041119173
0.3,0.470715041424464
0.3,0.470648444443866
0.3,0.415186361453193
0.3,0.465648370224211
0.3,0.455344185210409
0.3,0.470152019275811
0.3,0.440057214651162
0.3,0.458498488711844
0.3,0.445130884749394
0.3,0.474923979225992
0.3,0.403409335058214
0.3,0.448087967283998
0.3,0.473548278007082
0.3,0.45795801834784
0.3,0.435583826956429
0.3,0.461544574962889
0.3,0.435306330965705
0.3,0.476664056987918
0.3,0.437057870508256
0.3,0.443189653669628
0.3,0.454551720398516
0.3,0.43992543970743
0.3,0.47449355046228
0.3,0.458531730558223
0.3,0.461835869904732
0.3,0.474417347533467
0.3,0.438948733428516
0.3,0.477323296899783
0.3,0.455956719133089
0.3,0.444404196751788
0.3,0.431458103964416
0.3,0.467446396825999
0.3,0.496393451780193
0.3,0.478285341153458
0.3,0.461131065808688
0.3,0.480121523028887
0.3,0.504786746190861
0.3,0.449191197746715
0.3,0.437396806497943
0.3,0.499925943258703
0.3,0.43539224562929
0.3,0.487797361048038
0.3,0.467372293380242
0.3,0.427260926318122
0.3,0.498690751720272
0.3,0.453309371185332
0.3,0.433131948099908
0.3,0.48527099794077
0.3,0.411449183255139
0.3,0.434270248333395
0.3,0.46296602496097
0.3,0.448790706899514
0.3,0.42963474655663
0.3,0.503514728585376
0.3,0.43655652402397
0.3,0.456164056678589
0.3,0.477383347799293
0.3,0.436283891651348
0.3,0.442745231607974
0.3,0.490951964716492
0.3,0.459718386522084
0.3,0.42331379073261
0.3,0.489290818341921
0.3,0.462885708069264
0.3,0.48592555395903
0.3,0.482984400447739
0.3,0.429834251809937
0.3,0.488033701549255
0.3,0.457841516920878
0.3,0.428714649821787
0.3,0.491914393920523
0.3,0.447601015741518
0.3,0.45766947522192
0.3,0.485977725670369
0.3,0.462243173403206
0.3,0.445347394794813
0.3,0.473907835385907
0.3,0.461386805508446
0.3,0.509014815251576
0.3,0.458204509931441
0.3,0.439187635658894
0.3,0.455419733791822
0.3,0.465990722054241
0.3,0.493927855883361
0.3,0.480790149290843
0.3,0.426540354711136
0.3,0.43735093808376
0.3,0.446784718947077
0.3,0.472897369312184
0.3,0.501522744233682
0.3,0.440691932317428
0.3,0.424726005123336
0.3,0.462741101735915
0.3,0.467068139199025
0.3,0.471379812170272
0.3,0.443639005420691
0.3,0.467980291002357
0.3,0.437129815880536
0.3,0.489056166075815
0.3,0.444420886923121
0.3,0.449780525505748
0.3,0.450573994721246
0.3,0.430725584748408
0.3,0.457619503708165
0.3,0.444131109646046
0.3,0.472363740823333
0.3,0.43877870175473
0.3,0.480563519592288
0.3,0.41724747723102
0.3,0.41078165762689
0.3,0.463084430318653
0.3,0.47240391137521
0.3,0.456755990130615
0.3,0.455998188255709
0.3,0.476271097756937
0.3,0.497374920077082
0.3,0.463850999204388
0.3,0.462074845211872
0.3,0.467093007126905
0.3,0.446258431003712
0.3,0.468745916517763
0.3,0.42819211547425
0.3,0.475170303978913
0.3,0.43326864697723
0.3,0.446822861314114
0.3,0.471812626012339
0.3,0.444161027854403
0.3,0.455835309307057
0.3,0.450077317251412
0.3,0.458137017684814
0.3,0.420840178883465
0.3,0.466297366078347
0.3,0.489704230404674
0.3,0.487320140203029
0.3,0.428960175313992
0.3,0.445456766407575
0.3,0.455414156174459
0.3,0.458288933350123
0.3,0.444507495854027
0.3,0.487123367449934
0.3,0.447660100404904
0.3,0.500334453442347
0.3,0.470015187348089
0.3,0.403034596142973
0.3,0.442944380233776
0.3,0.459555693873086
0.3,0.47240078763949
0.3,0.457311950259776
0.3,0.488328015404894
0.3,0.475599730599753
0.3,0.444952478795048
0.3,0.485118491095785
0.3,0.446700158599162
0.3,0.497035391548288
0.3,0.476790471613792
0.3,0.44751960407672
0.3,0.53089273905065
0.3,0.465582985019873
0.3,0.447098608984984
0.3,0.438643626189851
0.3,0.451458888495256
0.3,0.490244658254861
0.3,0.435363316119615
0.3,0.423502482994245
0.3,0.414442860139663
0.3,0.465575701406556
0.3,0.462832164113659
0.3,0.474256963973957
0.3,0.422985248238138
0.3,0.482194478912834
0.3,0.434078996399652
0.3,0.464703617684994
0.3,0.435332408529695
0.3,0.460352014643065
0.3,0.453010812412354
0.3,0.456725897281876
0.3,0.418407865475932
0.3,0.468069316418939
0.3,0.480170821252863
0.3,0.437575685132374
0.3,0.494507061844763
0.3,0.475943332233302
0.3,0.463185890764124
0.3,0.441577204847718
0.3,0.490562016998997
0.3,0.448941850148095
0.3,0.432673524604962
0.3,0.459494497858857
0.3,0.467839626173373
0.3,0.459879191249625
0.3,0.490981285232782
0.3,0.448432270942996
0.3,0.457672368814694
0.3,0.466250244573627
0.3,0.456807592189525
0.3,0.47016092176887
0.3,0.433106018513577
0.3,0.4730131235031
0.3,0.481400226214552
0.3,0.498413611580589
0.3,0.474170498632073
0.3,0.46460890289465
0.3,0.483622246971058
0.3,0.463662711975952
0.3,0.495723776195868
0.3,0.497339947336263
0.3,0.446529866652458
0.3,0.450130447755905
0.3,0.460543358192278
0.3,0.472968475972474
0.3,0.487153822287101
0.3,0.456155151055076
0.3,0.469120490155627
0.3,0.398566871812218
0.3,0.454613634707617
0.3,0.452581077767196
0.3,0.449229696329681
0.3,0.475037862096057
0.3,0.438151546824073
0.3,0.471787663710397
0.3,0.446219553520224
0.3,0.482780790151992
0.3,0.470993671536554
0.3,0.474243809142373
0.3,0.476078645342394
0.3,0.437795706662856
0.3,0.435090707161586
0.3,0.491110246630933
0.3,0.477747197863083
0.3,0.487717312723193
0.3,0.460177973802103
0.3,0.457869118872079
0.3,0.44226255817217
0.3,0.43875995752197
0.3,0.39229127723426
0.3,0.468685942222227
0.3,0.46278989427813
0.3,0.471732512090487
0.3,0.457090410835508
0.3,0.461060029244904
0.3,0.465087702130287
0.3,0.492383760741325
0.3,0.443896912318676
0.3,0.465949241390365
0.3,0.457815009252185
0.3,0.455352093076096
0.3,0.467698374513506
0.3,0.449866867650027
0.3,0.442674522089824
0.3,0.450013814766885
0.3,0.47975810747327
0.3,0.45384628027959
0.3,0.471323976916213
0.3,0.449700155921359
0.3,0.418960016670918
0.3,0.495350075053734
0.3,0.449752684409004
0.3,0.474284095697453
0.3,0.454340707178118
0.3,0.454241415948727
0.3,0.48927622417733
0.3,0.455850522105526
0.3,0.445772716590008
0.3,0.444060488592192
0.3,0.469553136305206
0.3,0.467329647204252
0.3,0.437846902701761
0.3,0.400037305874779
0.3,0.451074731683858
0.3,0.445839734652318
0.3,0.446322040688104
0.3,0.451335470900432
0.3,0.471685283829096
0.3,0.436915773469541
0.3,0.451216899139096
0.3,0.482750923380823
0.3,0.506045123703747
0.3,0.464026186883516
0.3,0.447893834191979
0.3,0.464443738749859
0.3,0.432568149856377
0.3,0.48770608603314
0.3,0.437375447968536
0.3,0.450944464477603
0.3,0.455280199590283
0.3,0.431261327483249
0.3,0.464985239355488
0.3,0.448322108656076
0.3,0.419755287749621
0.3,0.475614479411091
0.3,0.447605863364168
0.3,0.460367095028357
0.3,0.460738165130906
0.3,0.512483877960233
0.3,0.464255386379774
0.3,0.450916299135232
0.3,0.427461708029576
0.3,0.444528614602544
0.3,0.437137074241053
0.3,0.444518034542497
0.3,0.472752568446378
0.3,0.48418656227665
0.3,0.435173288615219
0.3,0.439268062089282
0.3,0.487201308805566
0.3,0.460690771666434
0.3,0.464698282368042
0.3,0.435831258989031
0.3,0.510246099311293
0.3,0.481637775364596
0.3,0.471897774633008
0.3,0.48826792716822
0.3,0.486965394323699
0.3,0.496991674533329
0.3,0.437371031663292
0.3,0.496087201053359
0.3,0.439526999103051
0.3,0.435397545993089
0.3,0.425790133294166
0.3,0.461225535586261
0.3,0.466181245599867
0.3,0.466628331077093
0.3,0.445993641313228
0.3,0.41852343922666
0.3,0.49500366855991
0.3,0.471024825036655
0.3,0.449390171101408
0.3,0.472287435813979
0.3,0.480460994176167
0.3,0.427786676654433
0.3,0.477746470532143
0.3,0.493167505230347
0.3,0.490526159574197
0.3,0.481231626447727
0.3,0.448510426944636
0.3,0.461365542225291
0.3,0.464315808571748
0.3,0.526069114625972
0.3,0.475811833441182
0.3,0.477490386621206
0.3,0.475614701352161
0.3,0.451438367745531
0.3,0.471965313624098
0.3,0.431512563542161
0.3,0.428221721786333
0.3,0.436743468997631
0.3,0.461967157407062
0.3,0.481697213528965
0.3,0.424261271871396
0.3,0.468948899172177
0.3,0.500571098866486
0.3,0.435522467914226
0.3,0.462009904639346
0.3,0.466456866104221
0.3,0.522887238092292
0.3,0.476254332454083
0.3,0.43349355178546
0.3,0.448697693911523
0.3,0.48648240324497
0.3,0.504070948560572
0.3,0.480439975945539
0.3,0.463956605770635
0.3,0.452121680054893
0.3,0.452002733259367
0.3,0.464988232112601
0.3,0.478979327408822
0.3,0.425795380598136
0.3,0.433400435607474
0.3,0.468934237991336
0.3,0.440645470002608
0.3,0.453212744259001
0.3,0.457896888203004
0.3,0.455532927363863
0.3,0.447743824425941
0.3,0.43456176259051
0.3,0.460182793789212
0.3,0.460282102979329
0.3,0.462890026843331
0.3,0.466558263472885
0.3,0.453984208096413
0.3,0.424399440162186
0.3,0.435275775504588
0.3,0.430607416945508
0.3,0.491661978163901
0.3,0.412679695399381
0.3,0.487419723321277
0.3,0.455671446243223
0.3,0.460880203466851
0.3,0.464401163083575
0.3,0.460360060989841
0.3,0.467337309068271
0.3,0.460824818374981
0.3,0.463154574914018
0.3,0.408898055612359
0.3,0.453626213898149
0.3,0.462752731295079
0.3,0.432942664400583
0.3,0.430675352572898
0.3,0.448940124136989
0.3,0.496863692518301
0.4,0.480110906881909
0.4,0.456721183736694
0.4,0.516657029939345
0.4,0.506312346023193
0.4,0.46746043456061
0.4,0.495166394708554
0.4,0.444228119926937
0.4,0.488068830439568
0.4,0.433113893606969
0.4,0.482026167588403
0.4,0.431314373576313
0.4,0.452316697512424
0.4,0.517343179441905
0.4,0.519711843021969
0.4,0.512396034072319
0.4,0.506751774097321
0.4,0.504457370766869
0.4,0.480591833675253
0.4,0.504337983199239
0.4,0.449979176583745
0.4,0.514829385370723
0.4,0.479981443021743
0.4,0.527580900969322
0.4,0.495468629273337
0.4,0.467597819033559
0.4,0.501495526659881
0.4,0.464103414022447
0.4,0.485002541334806
0.4,0.476674287687865
0.4,0.439304211978193
0.4,0.457708380592886
0.4,0.551453875651086
0.4,0.468410187989904
0.4,0.495448660998796
0.4,0.497075317388334
0.4,0.493282488757251
0.4,0.499495738347735
0.4,0.476571530954049
0.4,0.449339589263595
0.4,0.492197437560208
0.4,0.52196935775389
0.4,0.508148504139259
0.4,0.472675329826956
0.4,0.440345063859239
0.4,0.44105279461371
0.4,0.482367339392415
0.4,0.50084116180034
0.4,0.47388645872754
0.4,0.463009197241965
0.4,0.477453401587363
0.4,0.483304529265914
0.4,0.481196597445177
0.4,0.506157781499338
0.4,0.495230939949097
0.4,0.467912305870199
0.4,0.470552133031218
0.4,0.470822894045819
0.4,0.487838301643926
0.4,0.536863159190091
0.4,0.476622029826356
0.4,0.431883141237141
0.4,0.49707384262401
0.4,0.508848821114097
0.4,0.498003981654341
0.4,0.487332194382616
0.4,0.455695841236277
0.4,0.493464804495608
0.4,0.520557633177055
0.4,0.486095161673924
0.4,0.479542302513263
0.4,0.484715145540469
0.4,0.54054499674688
0.4,0.496820517514383
0.4,0.490484181693862
0.4,0.503655743851523
0.4,0.49115951426945
0.4,0.491342912103932
0.4,0.466774830138475
0.4,0.50556336607101
0.4,0.47878270318194
0.4,0.488456818022525
0.4,0.410183949391488
0.4,0.506664941874384
0.4,0.472023850839658
0.4,0.458594665375399
0.4,0.460559731004376
0.4,0.464007115207986
0.4,0.515927663281265
0.4,0.490070264487239
0.4,0.486155052157864
0.4,0.449611364766546
0.4,0.452806384252754
0.4,0.480847727407009
0.4,0.491191806667924
0.4,0.469848895681146
0.4,0.49531910517883
0.4,0.468785277332335
0.4,0.457924806527275
0.4,0.49498538863272
0.4,0.496863494608568
0.4,0.497526379956424
0.4,0.49900279281041
0.4,0.470534550588503
0.4,0.465648370224211
0.4,0.504470353213005
0.4,0.470152019275811
0.4,0.493918346181878
0.4,0.487658219898687
0.4,0.465908217758328
0.4,0.514088672671092
0.4,0.467188413642582
0.4,0.464401419078191
0.4,0.492926315238626
0.4,0.520149164380508
0.4,0.480688771468927
0.4,0.494710119399939
0.4,0.453628136454267
0.4,0.485494791065746
0.4,0.508450168384692
0.4,0.474050412200979
0.4,0.482462851402586
0.4,0.481532637277447
0.4,0.521411167827479
0.4,0.486055562698712
0.4,0.489824575336664
0.4,0.490988297611717
0.4,0.466345478461625
0.4,0.502494736606123
0.4,0.466765348938286
0.4,0.482496925045402
0.4,0.469994290602141
0.4,0.475587878886525
0.4,0.514129542707239
0.4,0.510171313681794
0.4,0.488576311789755
0.4,0.50024288215088
0.4,0.514753165085884
0.4,0.46599578013001
0.4,0.50025495380399
0.4,0.525308212353577
0.4,0.464461619576653
0.4,0.539164180045175
0.4,0.487934074837413
0.4,0.49765387234862
0.4,0.524502264193685
0.4,0.453309371185332
0.4,0.467231673621167
0.4,0.48527099794077
0.4,0.429578077755924
0.4,0.458848225632422
0.4,0.499350963378591
0.4,0.467025227210179
0.4,0.44559908339161
0.4,0.537942615362917
0.4,0.471102322691698
0.4,0.490856374466218
0.4,0.511849313150018
0.4,0.498363669402491
0.4,0.466847802777869
0.4,0.52478752778204
0.4,0.467660195767732
0.4,0.46547182570577
0.4,0.498726744627843
0.4,0.492942558633022
0.4,0.49541111852994
0.4,0.509574450540162
0.4,0.457109268570582
0.4,0.53194139602482
0.4,0.48315578740375
0.4,0.477924514348059
0.4,0.519033962815229
0.4,0.477439902187694
0.4,0.483195526498828
0.4,0.506489864431016
0.4,0.497539995649733
0.4,0.472631673700056
0.4,0.491537691693994
0.4,0.469059197488365
0.4,0.535966974023053
0.4,0.484433444838891
0.4,0.484847679984098
0.4,0.500600496182957
0.4,0.473779297166587
0.4,0.502252079265142
0.4,0.506283506320375
0.4,0.474922286735129
0.4,0.472575097954801
0.4,0.468314883759314
0.4,0.516693031579162
0.4,0.509596002345958
0.4,0.482818517248288
0.4,0.475400537016142
0.4,0.489969160906063
0.4,0.491607473294967
0.4,0.507477179308244
0.4,0.501104498984075
0.4,0.502014306912667
0.4,0.471404859229181
0.4,0.489056166075815
0.4,0.497430646773442
0.4,0.499628966540455
0.4,0.458556740566014
0.4,0.447644269078297
0.4,0.48891529523662
0.4,0.472085524358606
0.4,0.521635666498172
0.4,0.43877870175473
0.4,0.51867466737828
0.4,0.469915999677655
0.4,0.430181843823844
0.4,0.471532800016791
0.4,0.497801386639587
0.4,0.52053249176788
0.4,0.481114122110178
0.4,0.508868483026631
0.4,0.508174871442158
0.4,0.496526491090636
0.4,0.480279064021973
0.4,0.477136847626434
0.4,0.488760680017981
0.4,0.529904034935975
0.4,0.447551876378302
0.4,0.509645411155158
0.4,0.456433735077503
0.4,0.482822817901699
0.4,0.506891437836973
0.4,0.46792933614932
0.4,0.472718026799844
0.4,0.466912486615731
0.4,0.502023457324226
0.4,0.453997582499408
0.4,0.502538735232985
0.4,0.489704230404674
0.4,0.538145277684372
0.4,0.439588583169682
0.4,0.474140035551203
0.4,0.491272634247265
0.4,0.496067558525491
0.4,0.469511849892227
0.4,0.505038609163465
0.4,0.48806514041653
0.4,0.524490233284506
0.4,0.486946035312434
0.4,0.440284368578378
0.4,0.45149998080813
0.4,0.494875688158988
0.4,0.506999739054685
0.4,0.491596933917243
0.4,0.506440208216047
0.4,0.495644572581453
0.4,0.463985631305427
0.4,0.511021275635212
0.4,0.46450169770877
0.4,0.525077070170416
0.4,0.534190641849661
0.4,0.465459827221818
0.4,0.53089273905065
0.4,0.508977054842181
0.4,0.467481801137696
0.4,0.468322145555027
0.4,0.488237695004347
0.4,0.500379236852989
0.4,0.487576196650457
0.4,0.447731283512726
0.4,0.459728341967718
0.4,0.483786506147999
0.4,0.49810210783975
0.4,0.511650570380243
0.4,0.422985248238138
0.4,0.50897015268354
0.4,0.482237038977805
0.4,0.498891244761575
0.4,0.478352680830618
0.4,0.484615083393014
0.4,0.487268890919226
0.4,0.465405944712389
0.4,0.454065276965247
0.4,0.486837544408175
0.4,0.508813660558403
0.4,0.492779468429748
0.4,0.504047861336925
0.4,0.510609931375931
0.4,0.495912539221853
0.4,0.460746222056326
0.4,0.490562016998997
0.4,0.474878409904172
0.4,0.457702389846715
0.4,0.484195055520848
0.4,0.509191540492174
0.4,0.494070162905423
0.4,0.51470591026548
0.4,0.467095295758698
0.4,0.46578802382785
0.4,0.505503793390465
0.4,0.51005382141901
0.4,0.51548823359367
0.4,0.45111316547973
0.4,0.5004270918955
0.4,0.508249553868973
0.4,0.530531852670893
0.4,0.499296854341203
0.4,0.484983833431547
0.4,0.493615345129159
0.4,0.471454723124727
0.4,0.495723776195868
0.4,0.512576320880448
0.4,0.481994954148141
0.4,0.493381563704619
0.4,0.503559906998678
0.4,0.482762022945809
0.4,0.507567458489053
0.4,0.475700535460368
0.4,0.496277854503438
0.4,0.455437505879794
0.4,0.503868267518073
0.4,0.461687644450503
0.4,0.51828106827098
0.4,0.495444125834062
0.4,0.498913712152211
0.4,0.521522805881291
0.4,0.474874726022813
0.4,0.482780790151992
0.4,0.543222716151134
0.4,0.499268796391905
0.4,0.503368594682427
0.4,0.457939403163933
0.4,0.459491815077728
0.4,0.517786308534157
0.4,0.506722093673883
0.4,0.524175998185836
0.4,0.497065132024224
0.4,0.500937850500949
0.4,0.469061342110489
0.4,0.492275756056639
0.4,0.39229127723426
0.4,0.485094768750785
0.4,0.492017312960161
0.4,0.523264427417297
0.4,0.457090410835508
0.4,0.523608528861345
0.4,0.482393332366662
0.4,0.500498228737078
0.4,0.462767100996979
0.4,0.503345814237921
0.4,0.466368813722989
0.4,0.495398581486534
0.4,0.485620492066435
0.4,0.475709532996236
0.4,0.459474287888085
0.4,0.457712251394707
0.4,0.496956418867963
0.4,0.45384628027959
0.4,0.489745898831612
0.4,0.504934665942648
0.4,0.426616180318237
0.4,0.512988184894556
0.4,0.478258951176162
0.4,0.492306309523806
0.4,0.462512289896995
0.4,0.490665594879457
0.4,0.528225933360984
0.4,0.46364478125958
0.4,0.477081414144754
0.4,0.454141016446186
0.4,0.495896287377949
0.4,0.475367693278134
0.4,0.457192573871869
0.4,0.445303861823801
0.4,0.465925406887319
0.4,0.488523466897436
0.4,0.479667606681988
0.4,0.507269448006889
0.4,0.48870675445677
0.4,0.51107017481499
0.4,0.471296184078944
0.4,0.501451535769803
0.4,0.506045123703747
0.4,0.507274275350075
0.4,0.483452700880895
0.4,0.506381650234888
0.4,0.440793656596458
0.4,0.503799628918512
0.4,0.445251264255867
0.4,0.476433356933057
0.4,0.471442713281079
0.4,0.48408982560343
0.4,0.51876935778622
0.4,0.463411393477959
0.4,0.437061950521068
0.4,0.491019815588017
0.4,0.486964064446681
0.4,0.494468465796984
0.4,0.4888310380918
0.4,0.551518743831942
0.4,0.49054079983099
0.4,0.475858421832067
0.4,0.43667291439114
0.4,0.47938528548406
0.4,0.499579872407094
0.4,0.48049291253866
0.4,0.488853497112069
0.4,0.510750425185056
0.4,0.452370604678041
0.4,0.474268570065001
0.4,0.513368089470903
0.4,0.493238169008467
0.4,0.475142876776756
0.4,0.4541363808371
0.4,0.518275080125395
0.4,0.499184553544639
0.4,0.50533642783282
0.4,0.515015017349727
0.4,0.504849570359805
0.4,0.525746015168361
0.4,0.481844316074272
0.4,0.504024669653221
0.4,0.495771332902225
0.4,0.443784007616759
0.4,0.434472902189042
0.4,0.478347064674211
0.4,0.492828479215224
0.4,0.482518939365292
0.4,0.505782835772307
0.4,0.454270538065211
0.4,0.52902078802783
0.4,0.499361563250237
0.4,0.491284800287506
0.4,0.497838727684626
0.4,0.523729890928464
0.4,0.446212742606302
0.4,0.487025879296358
0.4,0.493167505230347
0.4,0.515951304527948
0.4,0.534928019553837
0.4,0.519915090432243
0.4,0.484906142319407
0.4,0.498114441428501
0.4,0.543460916424781
0.4,0.512453935884817
0.4,0.477490386621206
0.4,0.491606946544345
0.4,0.461033197383493
0.4,0.518637583908457
0.4,0.469008076547103
0.4,0.460635841811954
0.4,0.463816915362982
0.4,0.487938744441624
0.4,0.516231717350895
0.4,0.474477725484573
0.4,0.50725216986157
0.4,0.526605364157008
0.4,0.445951288984931
0.4,0.511702314632243
0.4,0.482373804449228
0.4,0.557677987005455
0.4,0.486436815256242
0.4,0.46105279696907
0.4,0.465013251853784
0.4,0.511925293160866
0.4,0.511620817344474
0.4,0.480439975945539
0.4,0.493656226794015
0.4,0.486587025392917
0.4,0.49553898425596
0.4,0.490796153840706
0.4,0.488827354793022
0.4,0.45845499175042
0.4,0.442168213760954
0.4,0.503129776368447
0.4,0.469261321244582
0.4,0.472336031778891
0.4,0.493991743053805
0.4,0.479878153790718
0.4,0.474144886606803
0.4,0.478844329822547
0.4,0.487097723587635
0.4,0.469996657031413
0.4,0.470058029700818
0.4,0.482491626674085
0.4,0.498028678902031
0.4,0.432153607480821
0.4,0.481944223125617
0.4,0.46715947695653
0.4,0.510347619780644
0.4,0.41976766101945
0.4,0.503222907296168
0.4,0.515438707210767
0.4,0.508293664425503
0.4,0.481939643796816
0.4,0.468007608541223
0.4,0.508944292228522
0.4,0.477686075966687
0.4,0.483249353319211
0.4,0.436383391721239
0.4,0.481547171537396
0.4,0.470081138202827
0.4,0.448551383665592
0.4,0.462790286960708
0.4,0.466114884612753
0.4,0.523705262629842
0.5,0.523691686437849
0.5,0.542692615045804
0.5,0.487639878178829
0.5,0.496411967614699
0.5,0.536174792490057
0.5,0.508507680840041
0.5,0.560320479101259
0.5,0.515040340534306
0.5,0.567573161212111
0.5,0.521340619028057
0.5,0.569254319124372
0.5,0.549042549917609
0.5,0.485747273985883
0.5,0.481775879845029
0.5,0.490918477489229
0.5,0.496974196215366
0.5,0.498988497021845
0.5,0.521989132973359
0.5,0.4989829851496
0.5,0.553625754144106
0.5,0.489557670769407
0.5,0.524639402587072
0.5,0.474749098258354
0.5,0.507641141051808
0.5,0.537876372532925
0.5,0.501955602851657
0.5,0.53706529279096
0.5,0.518854604075334
0.5,0.527260512159435
0.5,0.565650809635561
0.5,0.545487020245992
0.5,0.454776091391566
0.5,0.53558371887301
0.5,0.507407466797946
0.5,0.506278685091557
0.5,0.510479213460177
0.5,0.504167300359934
0.5,0.526877306457709
0.5,0.55343567025291
0.5,0.511292090733537
0.5,0.483690111126137
0.5,0.494997792137905
0.5,0.529634987910272
0.5,0.562954159509996
0.5,0.562708316274608
0.5,0.520467804629359
0.5,0.502710779945258
0.5,0.530651605307941
0.5,0.538723680070085
0.5,0.526164642573988
0.5,0.520458586210827
0.5,0.52320030686708
0.5,0.497460212036822
0.5,0.507575143001175
0.5,0.534737059222324
0.5,0.530439190111138
0.5,0.532421063997808
0.5,0.515104472438448
0.5,0.465469470259383
0.5,0.527388053997288
0.5,0.570278353976135
0.5,0.506266764077828
0.5,0.494190223361353
0.5,0.505064512180468
0.5,0.515703651321045
0.5,0.54806968642791
0.5,0.510325635261874
0.5,0.481664546870745
0.5,0.517483400828307
0.5,0.523912114838765
0.5,0.51901604222156
0.5,0.464444209081277
0.5,0.506405656178134
0.5,0.512174620297262
0.5,0.499807979230291
0.5,0.511646069535337
0.5,0.512007721028382
0.5,0.535425390288685
0.5,0.497777296579345
0.5,0.523827513685015
0.5,0.514334670835414
0.5,0.591621353859478
0.5,0.496775942005961
0.5,0.529479124930827
0.5,0.547363829049422
0.5,0.54105540175145
0.5,0.538697039350221
0.5,0.488302942674895
0.5,0.513421417745965
0.5,0.516792088572912
0.5,0.552376913713757
0.5,0.553187210400717
0.5,0.522487697560644
0.5,0.511936851367129
0.5,0.530837313163216
0.5,0.508242193013359
0.5,0.533243185051894
0.5,0.543702908941149
0.5,0.508751705390291
0.5,0.506395467655598
0.5,0.505617388075011
0.5,0.504483374764079
0.5,0.532492441910097
0.5,0.536692161166371
0.5,0.499274596335909
0.5,0.53375450607285
0.5,0.509562929866307
0.5,0.515290130316622
0.5,0.537842662754892
0.5,0.488480418439874
0.5,0.535958102385278
0.5,0.537739248207186
0.5,0.510713051570234
0.5,0.482658692641781
0.5,0.522094213703229
0.5,0.509116083949087
0.5,0.548247148729784
0.5,0.519769449797236
0.5,0.494565201298309
0.5,0.530165081960121
0.5,0.522218536729659
0.5,0.522864475486759
0.5,0.48352308962251
0.5,0.516474302853809
0.5,0.514773519232901
0.5,0.512771461353355
0.5,0.537540062332351
0.5,0.500906461892568
0.5,0.534766245748935
0.5,0.521123600698577
0.5,0.537653660126097
0.5,0.529985881183079
0.5,0.489538431701454
0.5,0.493696620895265
0.5,0.514265919980972
0.5,0.50324430403734
0.5,0.488935174236594
0.5,0.537705324795437
0.5,0.503016362611167
0.5,0.477449090607297
0.5,0.53838974130396
0.5,0.46380999228457
0.5,0.515682715924336
0.5,0.505919993669073
0.5,0.478295625908092
0.5,0.546294545773119
0.5,0.536113067084463
0.5,0.518779586349825
0.5,0.5740025590333
0.5,0.541716232248648
0.5,0.504123727603381
0.5,0.536623877423161
0.5,0.558184131570303
0.5,0.464937656769996
0.5,0.533694146491827
0.5,0.513101124938735
0.5,0.490926670156233
0.5,0.504810391095138
0.5,0.532972802765288
0.5,0.477668932040002
0.5,0.535194743580862
0.5,0.537087375085216
0.5,0.504578897049962
0.5,0.509765646635116
0.5,0.508380091737113
0.5,0.493706473930646
0.5,0.544716490435039
0.5,0.473769882481763
0.5,0.522136254946614
0.5,0.524619670281878
0.5,0.483905507344072
0.5,0.524498416855845
0.5,0.521773034548033
0.5,0.497289131523406
0.5,0.506029727367701
0.5,0.531694461914627
0.5,0.511411059553582
0.5,0.5360582789981
0.5,0.468742325011002
0.5,0.518165361475396
0.5,0.518057644577975
0.5,0.502861479418562
0.5,0.530351640969865
0.5,0.500797357876205
0.5,0.4967344607499
0.5,0.52692183874139
0.5,0.528253384916301
0.5,0.532098027411248
0.5,0.487915494930941
0.5,0.49311473032923
0.5,0.519539688820098
0.5,0.52869177983181
0.5,0.51392195701133
0.5,0.511418050877106
0.5,0.496058746782532
0.5,0.502325895790521
0.5,0.501394235890781
0.5,0.530763800149728
0.5,0.51402788763707
0.5,0.505934044274283
0.5,0.503736472100529
0.5,0.546082482340937
0.5,0.552702638837426
0.5,0.515624200219409
0.5,0.532128285872915
0.5,0.481448590681418
0.5,0.561469307826446
0.5,0.48419847997274
0.5,0.532948105100569
0.5,0.572122258610721
0.5,0.529931321615666
0.5,0.505490779721417
0.5,0.482711713620407
0.5,0.522044800876474
0.5,0.494818968689573
0.5,0.495284941725919
0.5,0.507106077678227
0.5,0.525830435628786
0.5,0.527092731280891
0.5,0.514860035375781
0.5,0.47369344978334
0.5,0.554356166737591
0.5,0.49355065100077
0.5,0.548844977663521
0.5,0.520096433650957
0.5,0.496505412602159
0.5,0.535883233065512
0.5,0.529530461794542
0.5,0.538831690485839
0.5,0.501287297397458
0.5,0.54951044527024
0.5,0.500949921461732
0.5,0.51368441497233
0.5,0.463684917670463
0.5,0.565076173283605
0.5,0.528582411692067
0.5,0.512690924438522
0.5,0.507621161904164
0.5,0.535712257688062
0.5,0.498393829380516
0.5,0.515765095951851
0.5,0.477116111231016
0.5,0.516733870009378
0.5,0.560281657416714
0.5,0.554582334669228
0.5,0.508533117924492
0.5,0.495885242434524
0.5,0.512697894213983
0.5,0.496912406842664
0.5,0.507677763458831
0.5,0.539571128255483
0.5,0.491657594419836
0.5,0.537889036574567
0.5,0.478580619473205
0.5,0.471057049291794
0.5,0.538739855746416
0.5,0.474259687526567
0.5,0.494054679121751
0.5,0.532699313490991
0.5,0.53696592972983
0.5,0.515527951752286
0.5,0.502952587581789
0.5,0.515562554891609
0.5,0.553860191991118
0.5,0.545105163069119
0.5,0.519709480167338
0.5,0.504989829701635
0.5,0.491935966589964
0.5,0.577238705367345
0.5,0.494056127986867
0.5,0.519522957176176
0.5,0.504481916138292
0.5,0.52455850038407
0.5,0.52008186038029
0.5,0.516177668191255
0.5,0.538860674394576
0.5,0.552222630164226
0.5,0.516996505175553
0.5,0.494605775963557
0.5,0.509916794202207
0.5,0.499195119721613
0.5,0.493625438791425
0.5,0.507949489510027
0.5,0.544271963956737
0.5,0.514325917420279
0.5,0.527715886855444
0.5,0.544868664059989
0.5,0.519636715450052
0.5,0.494205956076055
0.5,0.50997361904476
0.5,0.48801463871718
0.5,0.537193873120044
0.5,0.53752861147288
0.5,0.497548331999142
0.5,0.493145281104464
0.5,0.487367363595132
0.5,0.551572094007405
0.5,0.503088593007371
0.5,0.494958482325369
0.5,0.472526278808244
0.5,0.504128030080165
0.5,0.517369984260018
0.5,0.510193971133932
0.5,0.531534491965911
0.5,0.507801072396141
0.5,0.490854527570379
0.5,0.522615174483198
0.5,0.511225545639453
0.5,0.499820681874829
0.5,0.52219610393262
0.5,0.496304518239729
0.5,0.529146100962923
0.5,0.507135625912943
0.5,0.546179533536432
0.5,0.499268027192424
0.5,0.539263251994454
0.5,0.485531689781509
0.5,0.50793876115768
0.5,0.504843274547854
0.5,0.481965329014291
0.5,0.527958214221906
0.5,0.521704542137777
0.5,0.462616749636854
0.5,0.504471119092718
0.5,0.500089221070691
0.5,0.546423805792631
0.5,0.545787123432989
0.5,0.485667665535164
0.5,0.496738362048234
0.5,0.47982811708229
0.5,0.506553329578671
0.5,0.502793927561164
0.5,0.536917752628923
0.5,0.511314193325709
0.5,0.61065127044403
0.5,0.519794899585199
0.5,0.510906736778558
0.5,0.480161275010775
0.5,0.547595405764139
0.5,0.480227405904854
0.5,0.520548757957601
0.5,0.503086942592994
0.5,0.542342162392432
0.5,0.499944777187019
0.5,0.537624202666374
0.5,0.508451555779085
0.5,0.517332051161186
0.5,0.526957813892981
0.5,0.543855567216571
0.5,0.546540260282466
0.5,0.506757024507849
0.5,0.549218813687249
0.5,0.514257926033035
0.5,0.498728016098312
0.5,0.573373401300626
0.5,0.489888324240995
0.5,0.525563313883126
0.5,0.512162145963276
0.5,0.539826743416729
0.5,0.512506482186522
0.5,0.476320602205544
0.5,0.539857461427737
0.5,0.526329902214891
0.5,0.553829165061345
0.5,0.507759188112248
0.5,0.52712852329057
0.5,0.546685537723256
0.5,0.556240490898026
0.5,0.538156743494868
0.5,0.51427305799448
0.5,0.52437737629445
0.5,0.496382092129786
0.5,0.51575919412519
0.5,0.491949003489835
0.5,0.531843088916884
0.5,0.501697923231743
0.5,0.49733821559347
0.5,0.495962537417588
0.5,0.518153801045563
0.5,0.496732109804042
0.5,0.56140060952738
0.5,0.499718197814743
0.5,0.553561994792408
0.5,0.52996179328461
0.5,0.530955861074693
0.5,0.520048531881611
0.5,0.485430248940385
0.5,0.54055486545643
0.5,0.566240004055066
0.5,0.512400833629758
0.5,0.516073814443167
0.5,0.50906087032325
0.5,0.513552712265249
0.5,0.446982680177403
0.5,0.513156316423861
0.5,0.529087650321899
0.5,0.563768550506358
0.5,0.523324320306038
0.5,0.503863626689894
0.5,0.52239807880591
0.5,0.515445265357547
0.5,0.492545331741282
0.5,0.551102444975963
0.5,0.528871713962229
0.5,0.490025944232153
0.5,0.510085095664089
0.5,0.527556725431985
0.5,0.546671265366993
0.5,0.484552407634249
0.5,0.504220247577561
0.5,0.497959293581364
0.5,0.488567511417121
0.5,0.49895769807062
0.5,0.4783426353279
0.5,0.521539123835692
0.5,0.499483599462546
0.5,0.507575424685107
0.5,0.555595668550513
0.5,0.573812775623021
0.5,0.523829645414492
0.5,0.510883587272798
0.5,0.51978066361204
0.5,0.497342709452022
0.5,0.55081080732808
0.5,0.475651699069309
0.5,0.504193495402889
0.5,0.512803862356151
0.5,0.506080536590554
0.5,0.47984018631957
0.5,0.555158312985335
0.5,0.516332704763095
0.5,0.510411209649803
0.5,0.487146965701031
0.5,0.469628608374881
0.5,0.483563793932948
0.5,0.519866916643551
0.5,0.505189382569906
0.5,0.457582092991596
0.5,0.490751036017106
0.5,0.524827129890233
0.5,0.512156955994876
0.5,0.541032186735162
0.5,0.485085433575749
0.5,0.535686802956521
0.5,0.541615455654661
0.5,0.540813525194505
0.5,0.51588458139568
0.5,0.486184472240411
0.5,0.528977685748521
0.5,0.496181044623106
0.5,0.477291729625488
0.5,0.552835321678532
0.5,0.491183359502465
0.5,0.520721922450781
0.5,0.446607517109429
0.5,0.51685107708771
0.5,0.541320480335169
0.5,0.536781564364736
0.5,0.491848655706147
0.5,0.491573813234
0.5,0.52481977037417
0.5,0.509788904018564
0.5,0.515521955710776
0.5,0.508195579702558
0.5,0.51293895186546
0.5,0.515486326649693
0.5,0.546346052508722
0.5,0.563924883231112
0.5,0.500262945314882
0.5,0.534767967716054
0.5,0.531837836424052
0.5,0.509242330996982
0.5,0.524476232709247
0.5,0.527048982781107
0.5,0.525427951595747
0.5,0.515416624045992
0.5,0.532353436616089
0.5,0.534487868631016
0.5,0.520950914218164
0.5,0.506125145087601
0.5,0.567454394832601
0.5,0.519457482877754
0.5,0.536464653998863
0.5,0.49375585956445
0.5,0.58131633150021
0.5,0.500331220768727
0.5,0.487319158763724
0.5,0.495428340762165
0.5,0.520213639243505
0.5,0.537318328889114
0.5,0.494426905541362
0.5,0.526756911876292
0.5,0.519762169220088
0.5,0.564547835480498
0.5,0.523268176610132
0.5,0.532779143904316
0.5,0.554561741638477
0.5,0.539701338735168
0.5,0.538113380197667
0.5,0.480648990765989
0.6,0.542138851090782
0.6,0.568732935706484
0.6,0.55170131286922
0.6,0.547382736656968
0.6,0.561455887030072
0.6,0.535810295231497
0.6,0.56857456852604
0.6,0.538740312129241
0.6,0.583210776692132
0.6,0.556450351630557
0.6,0.594774091638545
0.6,0.565579767577122
0.6,0.53879098726711
0.6,0.519119654516951
0.6,0.509241248148338
0.6,0.525011991884083
0.6,0.533528380117638
0.6,0.559248608377765
0.6,0.534030067399716
0.6,0.56277827472822
0.6,0.513460413299394
0.6,0.542641930662358
0.6,0.50859235029642
0.6,0.540368834138106
0.6,0.572827750313783
0.6,0.528497868201238
0.6,0.570720595435644
0.6,0.547278414941997
0.6,0.536725292593781
0.6,0.584820844350903
0.6,0.569524233126306
0.6,0.497421595129939
0.6,0.562121772048046
0.6,0.523142948665976
0.6,0.544651978925176
0.6,0.551534692823971
0.6,0.529424700760059
0.6,0.57169287107077
0.6,0.569289847420825
0.6,0.53793556060221
0.6,0.518966014138551
0.6,0.520861876323786
0.6,0.558727744119431
0.6,0.589486301433304
0.6,0.582219009716378
0.6,0.555376502160499
0.6,0.567581076325728
0.6,0.572248933139511
0.6,0.549648904488738
0.6,0.544462809967495
0.6,0.553956710539005
0.6,0.556244051573706
0.6,0.522131496820467
0.6,0.5154898802162
0.6,0.57867280170815
0.6,0.538489656063998
0.6,0.570146483790867
0.6,0.547767075749798
0.6,0.509139582370179
0.6,0.552349711396498
0.6,0.570278353976135
0.6,0.540566631800408
0.6,0.536834206760287
0.6,0.523316092091839
0.6,0.542598592234613
0.6,0.580540042040194
0.6,0.549790676314422
0.6,0.514627393642969
0.6,0.526266582203563
0.6,0.53996470029071
0.6,0.528805495213318
0.6,0.492010707832822
0.6,0.523875683630854
0.6,0.520612867052543
0.6,0.536073220337357
0.6,0.54297736215811
0.6,0.530490231489317
0.6,0.553591879406328
0.6,0.546816592214448
0.6,0.569587524271104
0.6,0.522423232387299
0.6,0.603182919851283
0.6,0.541013616274993
0.6,0.529479124930827
0.6,0.556812703887755
0.6,0.56729831281742
0.6,0.573095888965639
0.6,0.522102954226555
0.6,0.539795803217467
0.6,0.542026102396735
0.6,0.581358664761556
0.6,0.572057815547859
0.6,0.522487697560644
0.6,0.557741132618193
0.6,0.555711033605466
0.6,0.549214058377004
0.6,0.570252941366064
0.6,0.559940661769711
0.6,0.562715218941774
0.6,0.551152717698219
0.6,0.530289119626998
0.6,0.531073117647826
0.6,0.583174156785652
0.6,0.536692161166371
0.6,0.544957757926906
0.6,0.53375450607285
0.6,0.562419187088737
0.6,0.542724878110931
0.6,0.556466785337935
0.6,0.529682943734158
0.6,0.600503261061127
0.6,0.553336661586695
0.6,0.529221053172305
0.6,0.546297322499702
0.6,0.567250461864367
0.6,0.54259794615057
0.6,0.568846889045495
0.6,0.530055809916155
0.6,0.568082914797756
0.6,0.564028852412976
0.6,0.55009243579522
0.6,0.566400624205043
0.6,0.528217400229889
0.6,0.543127237131519
0.6,0.543097539607637
0.6,0.529877765708151
0.6,0.561982707427725
0.6,0.527110120509096
0.6,0.544034971373293
0.6,0.558750680860086
0.6,0.575107047755745
0.6,0.538469587871261
0.6,0.506667025481277
0.6,0.52390213567038
0.6,0.541395307842365
0.6,0.524387418487064
0.6,0.498700065494834
0.6,0.554315453629489
0.6,0.56524856989459
0.6,0.503467294675679
0.6,0.565107338250497
0.6,0.515207706741025
0.6,0.537750593266841
0.6,0.573452665513384
0.6,0.5047972039442
0.6,0.546294545773119
0.6,0.569527284794797
0.6,0.518779586349825
0.6,0.592487727769572
0.6,0.565349605360315
0.6,0.536779424714473
0.6,0.556776957730371
0.6,0.574173032598849
0.6,0.499867210519405
0.6,0.570108614005771
0.6,0.549686477902905
0.6,0.526978491872
0.6,0.561747281367271
0.6,0.557317865813622
0.6,0.512458536253922
0.6,0.543611080389958
0.6,0.579411371051079
0.6,0.514088181933245
0.6,0.53539987693536
0.6,0.518886378935389
0.6,0.52022559975823
0.6,0.570036807915395
0.6,0.514005862241788
0.6,0.548691059197426
0.6,0.57031932881686
0.6,0.511894181076149
0.6,0.549897513922075
0.6,0.548965876049402
0.6,0.517049811069042
0.6,0.542220090772669
0.6,0.559569364329216
0.6,0.527955337167555
0.6,0.543499420452385
0.6,0.494376024476667
0.6,0.541751260590499
0.6,0.563339145568195
0.6,0.546870770377374
0.6,0.538989955634082
0.6,0.509237521380111
0.6,0.524092077130206
0.6,0.577222311192582
0.6,0.5613169218722
0.6,0.5516432241171
0.6,0.528912737510835
0.6,0.501721673258578
0.6,0.563044996311311
0.6,0.58155445661714
0.6,0.541123152113905
0.6,0.535583772834426
0.6,0.531637775704026
0.6,0.564466612185381
0.6,0.536733101755673
0.6,0.564973671371546
0.6,0.51402788763707
0.6,0.562386788136969
0.6,0.554493743258976
0.6,0.554320984142293
0.6,0.570838691703912
0.6,0.547767917226548
0.6,0.559933377358149
0.6,0.531084962513943
0.6,0.561469307826446
0.6,0.523247464134842
0.6,0.590876398735568
0.6,0.587723850993355
0.6,0.538486259429917
0.6,0.528828198027911
0.6,0.545275086276746
0.6,0.548409136035433
0.6,0.527587477046342
0.6,0.505790327512445
0.6,0.540204285874232
0.6,0.544640570381568
0.6,0.536642190310435
0.6,0.558457722892875
0.6,0.534995250343182
0.6,0.573496115591443
0.6,0.528654020579151
0.6,0.57668296698334
0.6,0.552965101503818
0.6,0.532878974190721
0.6,0.561714937684713
0.6,0.545663910846859
0.6,0.557083093174858
0.6,0.544684129810042
0.6,0.585319271741283
0.6,0.537473464047622
0.6,0.51368441497233
0.6,0.518000192393751
0.6,0.574370900312619
0.6,0.557584927056913
0.6,0.549849558431562
0.6,0.547127328162667
0.6,0.561206027361938
0.6,0.516060493697474
0.6,0.558843148780232
0.6,0.503103000135119
0.6,0.535060573247227
0.6,0.5959609786417
0.6,0.562663972280255
0.6,0.544844040894004
0.6,0.531059181431471
0.6,0.549959554641197
0.6,0.515428811768184
0.6,0.528723738312341
0.6,0.558945559684351
0.6,0.520042353396605
0.6,0.553632870127664
0.6,0.50613088572291
0.6,0.525848697360205
0.6,0.556599459334295
0.6,0.474259687526567
0.6,0.537592290977879
0.6,0.549209893992805
0.6,0.566368809466815
0.6,0.554060223835947
0.6,0.512447807396974
0.6,0.565307005663461
0.6,0.57710812725516
0.6,0.592578504247464
0.6,0.536471867957437
0.6,0.540214035982593
0.6,0.530502064649314
0.6,0.577238705367345
0.6,0.520766145571417
0.6,0.563432927266133
0.6,0.539164006679462
0.6,0.5703943780068
0.6,0.545592651074142
0.6,0.549458322631027
0.6,0.547252221673271
0.6,0.587996946799662
0.6,0.534932506931511
0.6,0.523397066373561
0.6,0.56326953940062
0.6,0.509291304346446
0.6,0.525706852758259
0.6,0.542850103427903
0.6,0.561874326457108
0.6,0.514325917420279
0.6,0.552053933951842
0.6,0.570477676159893
0.6,0.546413811866993
0.6,0.534732288172774
0.6,0.546947791892125
0.6,0.512491183496813
0.6,0.556520000507729
0.6,0.545627606293607
0.6,0.539837381365761
0.6,0.546102161162898
0.6,0.533623970003379
0.6,0.568695257404635
0.6,0.529650905089281
0.6,0.522137190517811
0.6,0.504983930838072
0.6,0.530619025491504
0.6,0.535263057558988
0.6,0.520146118850755
0.6,0.53991571834844
0.6,0.507801072396141
0.6,0.506084021911637
0.6,0.559562942235831
0.6,0.557297485325434
0.6,0.542927195476679
0.6,0.532082669382845
0.6,0.514513658129554
0.6,0.549264558433525
0.6,0.533563771739161
0.6,0.597630047749844
0.6,0.551452377592536
0.6,0.547046964248679
0.6,0.553113296132504
0.6,0.528545445807076
0.6,0.567206346036385
0.6,0.533040381510579
0.6,0.552812959609547
0.6,0.521704542137777
0.6,0.530158464725642
0.6,0.531679877401222
0.6,0.526517336015504
0.6,0.563995065392391
0.6,0.571128515977448
0.6,0.512034872721464
0.6,0.525355129764611
0.6,0.513785580970945
0.6,0.542868318124603
0.6,0.549917993065787
0.6,0.562295250232887
0.6,0.566953739115578
0.6,0.61065127044403
0.6,0.539065305215201
0.6,0.539501050692614
0.6,0.532111023469655
0.6,0.547595405764139
0.6,0.540854090960538
0.6,0.536617212294636
0.6,0.511161177116996
0.6,0.559843683948568
0.6,0.536063324543768
0.6,0.545761677658683
0.6,0.553283158636097
0.6,0.535628247714506
0.6,0.552513846557423
0.6,0.561134729216733
0.6,0.555043372013626
0.6,0.52443927351942
0.6,0.549218813687249
0.6,0.532301033996174
0.6,0.55637347550508
0.6,0.582033224531245
0.6,0.508089070866806
0.6,0.553507150060233
0.6,0.530448457717422
0.6,0.548620910466325
0.6,0.547929852617374
0.6,0.513542880235847
0.6,0.548484785828376
0.6,0.556047663766748
0.6,0.56340824282246
0.6,0.53464577525638
0.6,0.535433156923782
0.6,0.566206369920787
0.6,0.600940214134803
0.6,0.555001071405882
0.6,0.557450502568807
0.6,0.559419097051148
0.6,0.55051507435261
0.6,0.533780673399326
0.6,0.565561868984329
0.6,0.551663181254949
0.6,0.519774495642792
0.6,0.49733821559347
0.6,0.539340003561627
0.6,0.551628622606096
0.6,0.541847529473702
0.6,0.569401623483414
0.6,0.515576584873414
0.6,0.561919462966553
0.6,0.555729318542214
0.6,0.548157896834492
0.6,0.574182630718222
0.6,0.538771367290373
0.6,0.555875239727055
0.6,0.585117882010349
0.6,0.528680438726787
0.6,0.553992356541191
0.6,0.542282294881888
0.6,0.540218421158095
0.6,0.489613829882996
0.6,0.540003373246411
0.6,0.554314283654566
0.6,0.571462044748209
0.6,0.558099713213567
0.6,0.568924097914966
0.6,0.560005189203252
0.6,0.532082267514576
0.6,0.518494712635665
0.6,0.570867756556911
0.6,0.563747596909733
0.6,0.516416282180866
0.6,0.541949528226235
0.6,0.538377304215084
0.6,0.562127418052582
0.6,0.492716441505202
0.6,0.521865593063282
0.6,0.531979060368541
0.6,0.51487452650654
0.6,0.516395723459763
0.6,0.505714454521983
0.6,0.562763520570898
0.6,0.507570023244649
0.6,0.562843033794736
0.6,0.563435018850661
0.6,0.582028619351197
0.6,0.540058494610213
0.6,0.537393441314089
0.6,0.534382279284485
0.6,0.557206658028693
0.6,0.589001232741496
0.6,0.508504321448736
0.6,0.531664221979291
0.6,0.557591756725307
0.6,0.533569993990475
0.6,0.52361825996748
0.6,0.573319593975843
0.6,0.526003628127165
0.6,0.510411209649803
0.6,0.513345318747281
0.6,0.521194900582019
0.6,0.554440083034519
0.6,0.544756962326404
0.6,0.540118678353091
0.6,0.476882169919597
0.6,0.525917139032202
0.6,0.524827129890233
0.6,0.528406499318606
0.6,0.551342531372658
0.6,0.530564443763025
0.6,0.569516659285598
0.6,0.575415822432366
0.6,0.569694645855081
0.6,0.54179364523617
0.6,0.521460184788299
0.6,0.577081007449182
0.6,0.536252322908529
0.6,0.502521282922046
0.6,0.563574549259034
0.6,0.542710574176887
0.6,0.537362066448423
0.6,0.481682892364454
0.6,0.526425298521105
0.6,0.566762567982906
0.6,0.553555212511082
0.6,0.517608623773501
0.6,0.499230810987925
0.6,0.52481977037417
0.6,0.540314487206931
0.6,0.546562752671311
0.6,0.552488383364194
0.6,0.537173721969935
0.6,0.525361295729979
0.6,0.578421589287945
0.6,0.572100593593829
0.6,0.534156327471692
0.6,0.565056206978839
0.6,0.549560538255627
0.6,0.54542106015052
0.6,0.552510588701056
0.6,0.553418796949445
0.6,0.572016070076945
0.6,0.541339675018082
0.6,0.540861629926976
0.6,0.54259007907982
0.6,0.537579056410805
0.6,0.55294541058574
0.6,0.575951075623506
0.6,0.565090452027963
0.6,0.571787227720108
0.6,0.511635325778409
0.6,0.589520891203593
0.6,0.516115709460875
0.6,0.548547205053616
0.6,0.539370457080525
0.6,0.537917631861403
0.6,0.546117248690961
0.6,0.537716913306652
0.6,0.544066590243031
0.6,0.540861049848085
0.6,0.586686670986621
0.6,0.551728117843356
0.6,0.540705969871796
0.6,0.572339805257408
0.6,0.572087088272017
0.6,0.55437981287743
0.6,0.506189209019135
0.7,0.584531669130774
0.7,0.576649737309627
0.7,0.57903656179449
0.7,0.555263400582654
0.7,0.571511630819386
0.7,0.561466940464966
0.7,0.593691522341363
0.7,0.589196832426636
0.7,0.59457273842165
0.7,0.593637856961801
0.7,0.60279883589049
0.7,0.591024563835011
0.7,0.578651858893153
0.7,0.571255644826088
0.7,0.557557986386201
0.7,0.557999226986411
0.7,0.556821191810515
0.7,0.576825361189043
0.7,0.56037077865603
0.7,0.570524900529665
0.7,0.56381759415333
0.7,0.569802004736338
0.7,0.532620766752674
0.7,0.592224108229963
0.7,0.602235230681488
0.7,0.55243838752814
0.7,0.579169400151336
0.7,0.576139655536761
0.7,0.584952799526691
0.7,0.599064262259822
0.7,0.5887434037543
0.7,0.548799798859112
0.7,0.570793995262811
0.7,0.530874780649898
0.7,0.586418461258685
0.7,0.596807179549146
0.7,0.547386440521147
0.7,0.591167720269213
0.7,0.589318383880491
0.7,0.581924298999214
0.7,0.543010598083843
0.7,0.54131841645714
0.7,0.586693499976477
0.7,0.597487503512385
0.7,0.605531398342431
0.7,0.583261657870632
0.7,0.584641061300028
0.7,0.58906618813872
0.7,0.582465643023615
0.7,0.601641398590065
0.7,0.589141844092291
0.7,0.556244051573706
0.7,0.567360309799743
0.7,0.588000697478355
0.7,0.58655224465164
0.7,0.565564658852003
0.7,0.589063313368361
0.7,0.58580819342251
0.7,0.568807411450577
0.7,0.595539307597369
0.7,0.603304035394311
0.7,0.582754537753176
0.7,0.595884696630232
0.7,0.559060565072846
0.7,0.577737143722281
0.7,0.58932520867413
0.7,0.582907338488035
0.7,0.552021903236542
0.7,0.577031377160697
0.7,0.567291865817797
0.7,0.555377467713297
0.7,0.526583811824681
0.7,0.566026569409077
0.7,0.562995146681656
0.7,0.578390870757308
0.7,0.56755865986722
0.7,0.547079337224215
0.7,0.579963612260214
0.7,0.566519031642638
0.7,0.59871664768955
0.7,0.570918168356085
0.7,0.630117842755455
0.7,0.557477777415813
0.7,0.556376533045405
0.7,0.582297461740743
0.7,0.575208104015155
0.7,0.580838811327242
0.7,0.532700864349006
0.7,0.546931126703174
0.7,0.559816996351079
0.7,0.615284930522417
0.7,0.591765953702863
0.7,0.547155738867499
0.7,0.585264082568592
0.7,0.581791798362053
0.7,0.575341996120214
0.7,0.577744273627477
0.7,0.56790147695528
0.7,0.608891260409055
0.7,0.574708533853189
0.7,0.565311503917712
0.7,0.565909610644368
0.7,0.583174156785652
0.7,0.552094446157991
0.7,0.560915961324406
0.7,0.564149487395786
0.7,0.581561526125839
0.7,0.56848943063997
0.7,0.583782941967829
0.7,0.567767516109965
0.7,0.616638277393205
0.7,0.578729473785687
0.7,0.574222878850135
0.7,0.571814812596689
0.7,0.582417129248084
0.7,0.586801431261286
0.7,0.586331734604
0.7,0.55739910289425
0.7,0.599421226311522
0.7,0.588402023843666
0.7,0.580140473120928
0.7,0.621357666350849
0.7,0.562421823711478
0.7,0.559108191510615
0.7,0.578855014374788
0.7,0.558063161335477
0.7,0.561982707427725
0.7,0.552836996897124
0.7,0.567732007204641
0.7,0.575390640643626
0.7,0.599063884239284
0.7,0.564031965921445
0.7,0.534850434842489
0.7,0.551301584961188
0.7,0.573789916092041
0.7,0.573791051487608
0.7,0.542635580708
0.7,0.590262069532583
0.7,0.574252174987688
0.7,0.55395419570339
0.7,0.600411697938014
0.7,0.551171571803574
0.7,0.571709698985077
0.7,0.5899670611697
0.7,0.540844443481338
0.7,0.565518491756602
0.7,0.596761409245864
0.7,0.561470316339658
0.7,0.592487727769572
0.7,0.574238294099392
0.7,0.553518323153393
0.7,0.619513842832979
0.7,0.59090907938038
0.7,0.543820820868652
0.7,0.578405469835827
0.7,0.568367370285402
0.7,0.55441141336624
0.7,0.591442164126397
0.7,0.599660958380393
0.7,0.547835372517909
0.7,0.57972814114449
0.7,0.610657309920657
0.7,0.55512762446636
0.7,0.550979785624603
0.7,0.594327544010057
0.7,0.558364557501714
0.7,0.594949264098795
0.7,0.562796106657808
0.7,0.575319014431245
0.7,0.57748826587267
0.7,0.571992888132643
0.7,0.57450814499263
0.7,0.587606565851777
0.7,0.535307411420223
0.7,0.583135094604105
0.7,0.568810563061237
0.7,0.546519204401164
0.7,0.55869801029448
0.7,0.538776761828156
0.7,0.568107156756046
0.7,0.590992597660437
0.7,0.556254442152075
0.7,0.563957582880168
0.7,0.553189586788241
0.7,0.570259237649243
0.7,0.603036663002788
0.7,0.568508773649157
0.7,0.586307313811756
0.7,0.555851604286528
0.7,0.529163202073938
0.7,0.582689967483771
0.7,0.610489969235417
0.7,0.577673745106486
0.7,0.573942069104297
0.7,0.555186803440967
0.7,0.592363335302604
0.7,0.553387018980565
0.7,0.598903994662774
0.7,0.559024938414938
0.7,0.607730236184382
0.7,0.60854437614848
0.7,0.605180571739594
0.7,0.587698235297215
0.7,0.574412277115628
0.7,0.569042237899142
0.7,0.579338363519735
0.7,0.60304584643658
0.7,0.549206684072724
0.7,0.598744710332228
0.7,0.596780411224015
0.7,0.538486259429917
0.7,0.543755938299899
0.7,0.562264639880129
0.7,0.587025743037766
0.7,0.555177641595125
0.7,0.524909481621655
0.7,0.576418693273198
0.7,0.561898470369138
0.7,0.563262620290261
0.7,0.574578680307828
0.7,0.578542358659353
0.7,0.590380833256519
0.7,0.546423606161203
0.7,0.601433831652324
0.7,0.56276536890014
0.7,0.567335322583365
0.7,0.581725633848059
0.7,0.56296670667008
0.7,0.575170871080764
0.7,0.591375022451774
0.7,0.621991832263455
0.7,0.57374557954052
0.7,0.5315632828969
0.7,0.554312399568363
0.7,0.591361661571952
0.7,0.568140130677637
0.7,0.549849558431562
0.7,0.565964818220457
0.7,0.587750954499424
0.7,0.56056270655487
0.7,0.589074206841205
0.7,0.557005276319658
0.7,0.569856238611493
0.7,0.605076524740179
0.7,0.578733052680046
0.7,0.586463987466851
0.7,0.565698305078518
0.7,0.567761926839462
0.7,0.544573443000516
0.7,0.545461647906404
0.7,0.576058402768342
0.7,0.574937721840072
0.7,0.577677141184923
0.7,0.564335723352589
0.7,0.54160199185994
0.7,0.594493485357652
0.7,0.526424758814614
0.7,0.554728909719971
0.7,0.558605251311252
0.7,0.585801275496049
0.7,0.570432457370005
0.7,0.553370189394218
0.7,0.590192032030339
0.7,0.596942175695374
0.7,0.592578504247464
0.7,0.57169171146485
0.7,0.566775327311616
0.7,0.574130697123193
0.7,0.587838609171239
0.7,0.544691127142769
0.7,0.57170176032788
0.7,0.567856294448724
0.7,0.604040224749723
0.7,0.574290268082749
0.7,0.57881373427189
0.7,0.573438393992718
0.7,0.603568029040007
0.7,0.568980691628159
0.7,0.559423528427255
0.7,0.6068019553024
0.7,0.537068240181215
0.7,0.578833141323619
0.7,0.560708104494032
0.7,0.586173374852309
0.7,0.531410185373088
0.7,0.577755575904517
0.7,0.592819435713551
0.7,0.582231077160003
0.7,0.578165605870894
0.7,0.582161017249281
0.7,0.531963354047952
0.7,0.590195806188903
0.7,0.556779417217339
0.7,0.567596615579535
0.7,0.581854834025591
0.7,0.560802985257745
0.7,0.591729478858801
0.7,0.548155998717707
0.7,0.54821668505872
0.7,0.547080066451714
0.7,0.576396270377598
0.7,0.578779193725229
0.7,0.563508731880948
0.7,0.573341664002018
0.7,0.536229049113624
0.7,0.536068054657227
0.7,0.576650626441334
0.7,0.582794861002094
0.7,0.560243897428808
0.7,0.55704850237154
0.7,0.514513658129554
0.7,0.597447689428896
0.7,0.575072123951414
0.7,0.614110604020264
0.7,0.576681772005296
0.7,0.554808483532124
0.7,0.578501061929831
0.7,0.553973604508826
0.7,0.585910254316741
0.7,0.54362508138353
0.7,0.583303181313852
0.7,0.554917992916313
0.7,0.562879675295069
0.7,0.550078767881377
0.7,0.558939194212769
0.7,0.582134885133739
0.7,0.581643217523903
0.7,0.537407143765289
0.7,0.582584992388541
0.7,0.551556818032135
0.7,0.576672521350012
0.7,0.574976785133187
0.7,0.588839945751404
0.7,0.593272467149172
0.7,0.61065127044403
0.7,0.548302883468606
0.7,0.558622979133409
0.7,0.576545745346491
0.7,0.564391384008336
0.7,0.565852855893068
0.7,0.561051392681074
0.7,0.546837661075227
0.7,0.586999998996895
0.7,0.563534599380667
0.7,0.572579492638375
0.7,0.571073363357284
0.7,0.580357905722297
0.7,0.580902592807031
0.7,0.577161518962891
0.7,0.563046551735771
0.7,0.567744108118355
0.7,0.5867431183421
0.7,0.566775752703989
0.7,0.564764036269407
0.7,0.600955348154785
0.7,0.533263863726067
0.7,0.586814939448211
0.7,0.598254680204674
0.7,0.575979773625206
0.7,0.566497948585906
0.7,0.565919058818294
0.7,0.556178683039709
0.7,0.576592294061262
0.7,0.599704110062554
0.7,0.55854881780614
0.7,0.56777592598511
0.7,0.575461738412546
0.7,0.609227127950261
0.7,0.563316340196399
0.7,0.581714433686731
0.7,0.588042444287627
0.7,0.583744805902033
0.7,0.55037890119561
0.7,0.581679527640646
0.7,0.579262211875171
0.7,0.553599702720282
0.7,0.547610885637172
0.7,0.556883119636446
0.7,0.586856476908234
0.7,0.603620106172895
0.7,0.586133240101768
0.7,0.566221937844825
0.7,0.589761252001986
0.7,0.589730237053934
0.7,0.556258173498859
0.7,0.590110256642822
0.7,0.538771367290373
0.7,0.588342588632538
0.7,0.602488883447243
0.7,0.587012125661322
0.7,0.572477990408166
0.7,0.578355457698837
0.7,0.578063360857431
0.7,0.529182372160977
0.7,0.576917642791517
0.7,0.572237784958082
0.7,0.597948098362028
0.7,0.583783245952823
0.7,0.60420555505413
0.7,0.584127875590597
0.7,0.547765201033739
0.7,0.571908885726872
0.7,0.599466191241995
0.7,0.572784245337019
0.7,0.568802659485598
0.7,0.541949528226235
0.7,0.555360919799832
0.7,0.589172511504813
0.7,0.526831699669235
0.7,0.558330964824235
0.7,0.565305817103123
0.7,0.53975217029277
0.7,0.569683455960539
0.7,0.578194712630094
0.7,0.58127553741352
0.7,0.583483183295512
0.7,0.57858681304304
0.7,0.610526714011617
0.7,0.598972001749235
0.7,0.570264204190827
0.7,0.567276974230884
0.7,0.578944134392499
0.7,0.574638958902892
0.7,0.600947117846392
0.7,0.551792297196843
0.7,0.562757629116104
0.7,0.583528517512325
0.7,0.57019226865231
0.7,0.556978290184634
0.7,0.593497580997853
0.7,0.566325114858454
0.7,0.564058794716282
0.7,0.53903497774661
0.7,0.557493972004398
0.7,0.590777566963049
0.7,0.569557106434465
0.7,0.550231229815115
0.7,0.522716354916393
0.7,0.559633814740743
0.7,0.559384571189869
0.7,0.545705692421532
0.7,0.551342531372658
0.7,0.573679819702265
0.7,0.586170511110479
0.7,0.599255127850343
0.7,0.588597155182114
0.7,0.584105185669558
0.7,0.549162708008231
0.7,0.605943370752107
0.7,0.590120827322407
0.7,0.545595420259762
0.7,0.581991726793109
0.7,0.575832615582713
0.7,0.57096300845472
0.7,0.509486861900725
0.7,0.542775574227657
0.7,0.566762567982906
0.7,0.573687189310441
0.7,0.567042969432809
0.7,0.542865753284937
0.7,0.567741708668053
0.7,0.556680081932047
0.7,0.555397421385948
0.7,0.585057198030842
0.7,0.560612161271469
0.7,0.571435906764079
0.7,0.587547526171135
0.7,0.591847129983223
0.7,0.54261464746455
0.7,0.581183350629396
0.7,0.567846731794974
0.7,0.563543822615888
0.7,0.579969641332703
0.7,0.597025837490585
0.7,0.59291031626439
0.7,0.570109333796039
0.7,0.560175913778683
0.7,0.571189108957868
0.7,0.563582629650191
0.7,0.578575514243355
0.7,0.584006142542247
0.7,0.565090452027963
0.7,0.59741147937914
0.7,0.579706945191004
0.7,0.604395285976509
0.7,0.554445470072395
0.7,0.57198416879892
0.7,0.556199638636992
0.7,0.57436538135875
0.7,0.570899463972217
0.7,0.555036252994247
0.7,0.580236893782922
0.7,0.559265067798728
0.7,0.586686670986621
0.7,0.589659151965343
0.7,0.569705188191879
0.7,0.572339805257408
0.7,0.609511790292217
0.7,0.588984986256121
0.7,0.529486463761293
0.8,0.600675538460103
0.8,0.594597590366187
0.8,0.615508315778947
0.8,0.574234701589134
0.8,0.586479262092421
0.8,0.577050521660516
0.8,0.584682253649241
0.8,0.609233306233241
0.8,0.587050666924228
0.8,0.629984083110874
0.8,0.611734272180467
0.8,0.616077639339579
0.8,0.613292300846087
0.8,0.59360880728949
0.8,0.585838211289576
0.8,0.587338580286968
0.8,0.581515433660838
0.8,0.600948477935961
0.8,0.599743661047114
0.8,0.598566232813322
0.8,0.582368312064292
0.8,0.596009175175232
0.8,0.574109810996501
0.8,0.618854344875428
0.8,0.614374790672876
0.8,0.606974523629851
0.8,0.595148444422392
0.8,0.600569195072141
0.8,0.595151021698433
0.8,0.605569172980538
0.8,0.592376004847143
0.8,0.597858254435989
0.8,0.611015906183269
0.8,0.584700513754172
0.8,0.592439640063098
0.8,0.614681457017199
0.8,0.592333750162841
0.8,0.628488375127666
0.8,0.626241286106452
0.8,0.617350678427791
0.8,0.584531474799527
0.8,0.551143900119071
0.8,0.6031666141807
0.8,0.632740961125806
0.8,0.615024738093025
0.8,0.602307748390076
0.8,0.612692799828414
0.8,0.581878130754801
0.8,0.608225521329282
0.8,0.633955590194901
0.8,0.597558605448931
0.8,0.587174997131932
0.8,0.608959142122429
0.8,0.583297666035944
0.8,0.621457612239615
0.8,0.623938344291123
0.8,0.577547091625717
0.8,0.603941864267563
0.8,0.600925775515815
0.8,0.611709933938078
0.8,0.604971596120651
0.8,0.597217797559509
0.8,0.617891857596575
0.8,0.578319752111242
0.8,0.61674389724697
0.8,0.596380191052528
0.8,0.600388755255052
0.8,0.615276072555493
0.8,0.608826316397291
0.8,0.594058159213709
0.8,0.605529845474066
0.8,0.555128856299424
0.8,0.55792905427694
0.8,0.599119084601377
0.8,0.607650180270941
0.8,0.605047032536051
0.8,0.591777610064212
0.8,0.609702447599532
0.8,0.599098994301415
0.8,0.621475828167031
0.8,0.60653917845629
0.8,0.635621930906923
0.8,0.573101995615103
0.8,0.586246847715433
0.8,0.588184546664013
0.8,0.618971269782706
0.8,0.605100328782341
0.8,0.596411458619601
0.8,0.594382118664337
0.8,0.582076892017912
0.8,0.60728178398122
0.8,0.603242404396071
0.8,0.589100805253853
0.8,0.609407469311498
0.8,0.602891090140006
0.8,0.576091239648625
0.8,0.60799618859841
0.8,0.617385228262316
0.8,0.616223554874715
0.8,0.618278119320815
0.8,0.608866553445227
0.8,0.582091424657319
0.8,0.598404195533452
0.8,0.606333500835489
0.8,0.578562597374622
0.8,0.593907330077182
0.8,0.627300026376731
0.8,0.608418111513268
0.8,0.582421132790008
0.8,0.570904579493866
0.8,0.627516038623609
0.8,0.569855836997118
0.8,0.594645219154671
0.8,0.594279193778521
0.8,0.62339602164115
0.8,0.586566306402251
0.8,0.635621930906923
0.8,0.597131980141461
0.8,0.607100528808884
0.8,0.594908579920835
0.8,0.607680208687521
0.8,0.611256923477429
0.8,0.575107818544724
0.8,0.605072216173389
0.8,0.613479171350139
0.8,0.593881939433964
0.8,0.612886180233316
0.8,0.583634312220667
0.8,0.618294946916546
0.8,0.583783957824519
0.8,0.613975104748564
0.8,0.597853482213458
0.8,0.589506882452504
0.8,0.595790448784574
0.8,0.599158043388859
0.8,0.603714083894076
0.8,0.571138742965844
0.8,0.637713076340512
0.8,0.609149644976308
0.8,0.5676407708271
0.8,0.606422498319862
0.8,0.576250107763382
0.8,0.571469518969187
0.8,0.625166628947831
0.8,0.582136860434848
0.8,0.612473392662618
0.8,0.600833380930566
0.8,0.570691548109157
0.8,0.620003277003676
0.8,0.606821959443347
0.8,0.605060659032717
0.8,0.624455027483537
0.8,0.608399585328602
0.8,0.599090124924232
0.8,0.625534857058088
0.8,0.616982449148227
0.8,0.57598375005825
0.8,0.603651057467519
0.8,0.625492405285914
0.8,0.586374796896951
0.8,0.577179810283203
0.8,0.612346923096442
0.8,0.618353710686714
0.8,0.596475396593493
0.8,0.613496655224022
0.8,0.609681066110045
0.8,0.621671944504988
0.8,0.591069998260958
0.8,0.600391372230463
0.8,0.584696840485295
0.8,0.594176462301037
0.8,0.610848756763847
0.8,0.573993283417276
0.8,0.537665083835304
0.8,0.604040589988029
0.8,0.618879768370355
0.8,0.597032863935806
0.8,0.596614876014937
0.8,0.576815039425845
0.8,0.62511332507524
0.8,0.624144987748852
0.8,0.594389874308735
0.8,0.599897933565513
0.8,0.60961657938986
0.8,0.606464974002335
0.8,0.617750304943188
0.8,0.607416435993097
0.8,0.626607114628216
0.8,0.611401273909168
0.8,0.573624064933239
0.8,0.596160525399688
0.8,0.608383186156426
0.8,0.629771599727271
0.8,0.593785450339819
0.8,0.622177037858686
0.8,0.594675217521637
0.8,0.606588351923093
0.8,0.619994833837652
0.8,0.621651493977033
0.8,0.623582578306761
0.8,0.637234594160852
0.8,0.627241760309587
0.8,0.604263837489575
0.8,0.621080083641515
0.8,0.588792376614433
0.8,0.601417976501204
0.8,0.614419006636909
0.8,0.565154823586391
0.8,0.608576808013361
0.8,0.582600163310268
0.8,0.587382222226307
0.8,0.581654435776642
0.8,0.609111177660821
0.8,0.604130067703204
0.8,0.588694916801437
0.8,0.539095337618908
0.8,0.597057176716094
0.8,0.606211254460383
0.8,0.604958695396663
0.8,0.593160783367187
0.8,0.616913163112591
0.8,0.58669290026517
0.8,0.602047457494168
0.8,0.620989995947248
0.8,0.609420475593321
0.8,0.598141902394118
0.8,0.624770796941059
0.8,0.616682921245853
0.8,0.597598744208212
0.8,0.624847439515087
0.8,0.618914761958334
0.8,0.589699267643856
0.8,0.572947284716276
0.8,0.606807244464786
0.8,0.594888406316656
0.8,0.588804700222762
0.8,0.606213659964056
0.8,0.608172376909953
0.8,0.614466382824179
0.8,0.600435354732106
0.8,0.633770610394341
0.8,0.607360644927585
0.8,0.595265372280888
0.8,0.62436577931902
0.8,0.603619429846805
0.8,0.606691721353544
0.8,0.595866552719161
0.8,0.613822085385945
0.8,0.567301305684276
0.8,0.594101273956856
0.8,0.606978697486767
0.8,0.599285548565046
0.8,0.62888369162067
0.8,0.58272417334619
0.8,0.593012586260206
0.8,0.620885947405361
0.8,0.575574945256914
0.8,0.595532832619645
0.8,0.575321973261187
0.8,0.60096947249002
0.8,0.61869751481879
0.8,0.610519491218452
0.8,0.626487498772984
0.8,0.587835315517773
0.8,0.633328122081206
0.8,0.580988335691399
0.8,0.575511870113294
0.8,0.612147793712042
0.8,0.615849694906381
0.8,0.597122471632739
0.8,0.595710543412043
0.8,0.595058194969165
0.8,0.633733552561986
0.8,0.598573194725476
0.8,0.62952417439509
0.8,0.596281706619466
0.8,0.580261055855501
0.8,0.603993837436766
0.8,0.575837123350956
0.8,0.589008556315283
0.8,0.569334687335553
0.8,0.589723225159811
0.8,0.574459649005997
0.8,0.592329765409075
0.8,0.600424391837249
0.8,0.598668743132761
0.8,0.614021056456509
0.8,0.616131424864043
0.8,0.604269783076582
0.8,0.59585640945407
0.8,0.58474033444706
0.8,0.604976032779416
0.8,0.56164371501048
0.8,0.600943462670548
0.8,0.587557443664634
0.8,0.592496810677496
0.8,0.614091176761766
0.8,0.581207557457771
0.8,0.616959147897662
0.8,0.586607365881701
0.8,0.613914843077643
0.8,0.609083265185701
0.8,0.597261195795889
0.8,0.582537824818635
0.8,0.59023928734169
0.8,0.619391188088991
0.8,0.606290619157109
0.8,0.608942863810139
0.8,0.594280457206057
0.8,0.586680059176306
0.8,0.573940137138913
0.8,0.607354357511358
0.8,0.610749618518784
0.8,0.642019726292632
0.8,0.611126900419547
0.8,0.598647907645055
0.8,0.606977653394738
0.8,0.61170255528697
0.8,0.588550329411847
0.8,0.605627281920443
0.8,0.594185847877434
0.8,0.583413884179386
0.8,0.593033843404259
0.8,0.614317800196678
0.8,0.626082983720982
0.8,0.597670406160125
0.8,0.60074337412978
0.8,0.573457674370668
0.8,0.617641696813906
0.8,0.619482644505787
0.8,0.588829831176212
0.8,0.615575163198413
0.8,0.610117858267093
0.8,0.618779227897271
0.8,0.623210720300701
0.8,0.592410271690073
0.8,0.6039372990429
0.8,0.601523935115289
0.8,0.57014491257304
0.8,0.609755456910659
0.8,0.600582605722555
0.8,0.547650681106299
0.8,0.623254026576005
0.8,0.586081170616898
0.8,0.573525020626613
0.8,0.616710053175347
0.8,0.605392876766417
0.8,0.600392746701263
0.8,0.600143833821433
0.8,0.609770024216585
0.8,0.580112288322562
0.8,0.614764377692375
0.8,0.613303119726241
0.8,0.573643659957023
0.8,0.609017142215198
0.8,0.576677525284761
0.8,0.604002226145902
0.8,0.606117036922913
0.8,0.592979616384055
0.8,0.600904871822715
0.8,0.611655187030601
0.8,0.613044600808361
0.8,0.593993552790853
0.8,0.615233804828971
0.8,0.587482273584833
0.8,0.600876008799084
0.8,0.606283997499619
0.8,0.618255575214385
0.8,0.608644848336965
0.8,0.605908495644385
0.8,0.589077645041707
0.8,0.611216496399476
0.8,0.601156128814589
0.8,0.613445423874916
0.8,0.591525546258081
0.8,0.599558644283224
0.8,0.590353576321582
0.8,0.552071372187078
0.8,0.617637205925249
0.8,0.605550698033407
0.8,0.607948193177173
0.8,0.588811817596392
0.8,0.600085331449298
0.8,0.592468299623206
0.8,0.604509338263623
0.8,0.612927326642964
0.8,0.58849127485978
0.8,0.59950024626182
0.8,0.62967534656059
0.8,0.591888415428064
0.8,0.620806181001936
0.8,0.610563358121148
0.8,0.6098209422001
0.8,0.58335021879817
0.8,0.592675003989657
0.8,0.580333019486057
0.8,0.636593997687922
0.8,0.58272060052998
0.8,0.608449535634219
0.8,0.611225874530299
0.8,0.606231947395079
0.8,0.5853521069158
0.8,0.629563043677308
0.8,0.617706534717754
0.8,0.596842050881315
0.8,0.56051144638091
0.8,0.589360013748558
0.8,0.602818770489449
0.8,0.584559068132394
0.8,0.606270608879757
0.8,0.603210562030076
0.8,0.591527894416276
0.8,0.589804978865297
0.8,0.61832056320155
0.8,0.59422103901148
0.8,0.616133459912795
0.8,0.612518450489407
0.8,0.608823864340583
0.8,0.58683087867997
0.8,0.606855761027122
0.8,0.592076653489947
0.8,0.590615744184679
0.8,0.600497703854162
0.8,0.61493063168015
0.8,0.591171387135636
0.8,0.591087966749834
0.8,0.592941740445706
0.8,0.600630617837658
0.8,0.599394073101954
0.8,0.608542952442655
0.8,0.618904150802876
0.8,0.599474505732957
0.8,0.589835036202191
0.8,0.578568704144934
0.8,0.618281873561152
0.8,0.565207278369555
0.8,0.591496116345148
0.8,0.599558472417753
0.8,0.587269381047422
0.8,0.588080537031807
0.8,0.590871477192494
0.8,0.589019951109255
0.8,0.609250947333215
0.8,0.611503338089735
0.8,0.628385234189587
0.8,0.602449375099018
0.8,0.627422337789986
0.8,0.608564507881613
0.8,0.612621247048745
0.8,0.60433942353831
0.8,0.5902201534956
0.8,0.579764803457183
0.8,0.602401280056138
0.8,0.590559062223327
0.8,0.581255322369587
0.8,0.601098334132001
0.8,0.590416285471485
0.8,0.620316374553716
0.8,0.582908447186302
0.8,0.593458041433974
0.8,0.592878871168271
0.8,0.594522583495596
0.8,0.595766136462593
0.8,0.626114866313318
0.8,0.596327267579943
0.8,0.600407389352849
0.8,0.587822394877106
0.8,0.629020803840221
0.8,0.559097739871292
0.8,0.604619276694391
0.8,0.58395096050085
0.8,0.613029740501687
0.8,0.61144838828264
0.8,0.606341077607426
0.8,0.612550510979412
0.8,0.592233947220371
0.8,0.584107671104576
0.8,0.606641586157268
0.8,0.578220589739702
0.8,0.605961445652969
0.8,0.61018634048772
0.8,0.597271654005274
0.8,0.605840242408845
0.8,0.612534372419775
0.8,0.613567121881737
0.8,0.604113409331843
0.8,0.606038325444604
0.8,0.586089994623479
0.8,0.629709587677768
0.8,0.601123319975413
0.8,0.627182747364721
0.8,0.60074003346682
0.8,0.606324432957816
0.8,0.594462431076807
0.8,0.608787744856768
0.8,0.623423041264528
0.8,0.562572627416349
0.8,0.630638985830659
0.8,0.600232228046412
0.8,0.587631656117032
