"","Simulation","Result"
"1","Dynamic",0.43389089294367
"2","Dynamic",0.342886455940055
"3","Dynamic",0.780618920141035
"4","Dynamic",0.474103407984479
"5","Dynamic",0.445413982166813
"6","Dynamic",0.432961883488084
"7","Dynamic",0.407795131751571
"8","Dynamic",0.875607557966466
"9","Dynamic",0.39146029766943
"10","Dynamic",0.280943951441123
"11","Dynamic",0.385904311758398
"12","Dynamic",0.412341766004315
"13","Dynamic",0.443081574441616
"14","Dynamic",0.641758475452706
"15","Dynamic",0.502657809476732
"16","Dynamic",0.573231627192377
"17","Dynamic",0.398680113544892
"18","Dynamic",0.316511017357422
"19","Dynamic",0.649372362368839
"20","Dynamic",0.383097889499367
"21","Dynamic",0.398277025544023
"22","Dynamic",0.694864649495751
"23","Dynamic",0.319923154532136
"24","Dynamic",0.471341135934071
"25","Dynamic",0.479860255063306
"26","Dynamic",0.385729689161107
"27","Dynamic",0.610990742946974
"28","Dynamic",0.814901410317538
"29","Dynamic",0.23856348317472
"30","Dynamic",0.363644357039474
"31","Dynamic",0.700768067620548
"32","Dynamic",0.317766651104403
"33","Dynamic",0.547680591858768
"34","Dynamic",0.408901862560859
"35","Dynamic",0.687761782181468
"36","Dynamic",0.40188216983443
"37","Dynamic",0.314875908577805
"38","Dynamic",0.480197643802429
"39","Dynamic",0.52678250073541
"40","Dynamic",0.389172401029358
"41","Dynamic",0.269990564902466
"42","Dynamic",0.389184763876722
"43","Dynamic",0.453405540180785
"44","Dynamic",0.63996480699283
"45","Dynamic",0.207819400697131
"46","Dynamic",0.40730899834577
"47","Dynamic",0.419009862380571
"48","Dynamic",0.441436317962788
"49","Dynamic",0.684644298827345
"50","Dynamic",0.521973540013586
"51","Dynamic",0.397619341854087
"52","Dynamic",0.624787166684561
"53","Dynamic",0.489285949127635
"54","Dynamic",0.236816723664921
"55","Dynamic",0.275750524792417
"56","Dynamic",0.782380886819924
"57","Dynamic",0.549752588046776
"58","Dynamic",0.61100430471687
"59","Dynamic",0.796170001879495
"60","Dynamic",0.300015422809423
"61","Dynamic",0.364104285559178
"62","Dynamic",0.438534681288664
"63","Dynamic",0.482159153519525
"64","Dynamic",0.338532312574352
"65","Dynamic",0.250276030510768
"66","Dynamic",0.718379594309397
"67","Dynamic",0.282993620902434
"68","Dynamic",0.596871980900019
"69","Dynamic",0.692185209721403
"70","Dynamic",0.419817265833647
"71","Dynamic",0.332456946836556
"72","Dynamic",0.302395064136951
"73","Dynamic",0.557939268727492
"74","Dynamic",0.612083136952581
"75","Dynamic",0.663946006387863
"76","Dynamic",0.390121436199124
"77","Dynamic",0.376558395803585
"78","Dynamic",0.426058924818567
"79","Dynamic",0.4516412777707
"80","Dynamic",0.330775559405211
"81","Dynamic",0.380635123936498
"82","Dynamic",0.674168705458051
"83","Dynamic",0.625600166803134
"84","Dynamic",0.448672068388684
"85","Dynamic",0.430582447831498
"86","Dynamic",0.33077526904878
"87","Dynamic",0.33857935273071
"88","Dynamic",0.541474904807914
"89","Dynamic",0.436386852101921
"90","Dynamic",0.253618138683484
"91","Dynamic",0.826795134212719
"92","Dynamic",0.537660047578274
"93","Dynamic",0.393468778133273
"94","Dynamic",0.741991540957764
"95","Dynamic",0.384299610938562
"96","Dynamic",0.827967238897418
"97","Dynamic",0.912109725624763
"98","Dynamic",0.240821264745589
"99","Dynamic",0.632926172165185
"100","Dynamic",0.572566519239182
"101","Dynamic",0.488796337635518
"102","Dynamic",0.620160832187963
"103","Dynamic",0.432463969526113
"104","Dynamic",0.797073047239448
"105","Dynamic",0.40448075843118
"106","Dynamic",0.4087023379519
"107","Dynamic",0.221393751942714
"108","Dynamic",0.352228846361968
"109","Dynamic",0.659081254614215
"110","Dynamic",0.486339985922842
"111","Dynamic",0.178869276269322
"112","Dynamic",0.377806363291888
"113","Dynamic",0.797662532609239
"114","Dynamic",0.621551195975685
"115","Dynamic",0.274214475390536
"116","Dynamic",0.717064215075641
"117","Dynamic",0.432191301486088
"118","Dynamic",0.774044953741678
"119","Dynamic",0.330838218458681
"120","Dynamic",0.468409588440867
"121","Dynamic",0.386366412948899
"122","Dynamic",0.509543268860031
"123","Dynamic",0.270506542934843
"124","Dynamic",0.264343094720168
"125","Dynamic",0.337122109591048
"126","Dynamic",0.375250759184893
"127","Dynamic",0.338345633216835
"128","Dynamic",0.400599135203781
"129","Dynamic",0.613631764966198
"130","Dynamic",0.702628381206738
"131","Dynamic",0.255596402087322
"132","Dynamic",0.382810988918054
"133","Dynamic",0.675810581429275
"134","Dynamic",0.469060094009758
"135","Dynamic",0.607701430131038
"136","Dynamic",0.463163234855783
"137","Dynamic",0.390919900993351
"138","Dynamic",0.340959995267254
"139","Dynamic",0.504456195899912
"140","Dynamic",0.503685013384952
"141","Dynamic",0.372698544880817
"142","Dynamic",0.588430861891205
"143","Dynamic",0.916199517393309
"144","Dynamic",0.397818526984234
"145","Dynamic",0.290145439003121
"146","Dynamic",0.827999625618996
"147","Dynamic",0.591029470773627
"148","Dynamic",0.710279260063691
"149","Dynamic",0.836662797792338
"150","Dynamic",0.376158093523367
"151","Dynamic",0.825211099276806
"152","Dynamic",0.279804894200056
"153","Dynamic",0.544655033152395
"154","Dynamic",0.934338397813762
"155","Dynamic",0.466444556573595
"156","Dynamic",0.203321721425021
"157","Dynamic",0.432046162608214
"158","Dynamic",0.530872640317825
"159","Dynamic",0.66213501034163
"160","Dynamic",0.586625994357328
"161","Dynamic",0.411805663908646
"162","Dynamic",0.623145902617002
"163","Dynamic",0.313765237949993
"164","Dynamic",0.222027817758173
"165","Dynamic",0.454799253515369
"166","Dynamic",0.792848088777467
"167","Dynamic",0.48094344084754
"168","Dynamic",0.49029766466743
"169","Dynamic",0.509779289387345
"170","Dynamic",0.576071699408439
"171","Dynamic",0.200558928612964
"172","Dynamic",0.574751845826662
"173","Dynamic",0.520999670699491
"174","Dynamic",0.33306127662867
"175","Dynamic",0.389596093895274
"176","Dynamic",0.605118558626797
"177","Dynamic",0.172067614899538
"178","Dynamic",0.770720032317208
"179","Dynamic",0.251575792248562
"180","Dynamic",0.580958182368877
"181","Dynamic",0.670236705859639
"182","Dynamic",0.386063692282552
"183","Dynamic",0.356167691935754
"184","Dynamic",0.859974298069407
"185","Dynamic",0.417718273085859
"186","Dynamic",0.475130793291553
"187","Dynamic",0.274169813740185
"188","Dynamic",0.339713353543385
"189","Dynamic",0.332850163337012
"190","Dynamic",0.561717351071402
"191","Dynamic",0.59114327664268
"192","Dynamic",0.394685600599752
"193","Dynamic",0.409360867138572
"194","Dynamic",0.506908204643379
"195","Dynamic",0.570609261190773
"196","Dynamic",0.476153704867143
"197","Dynamic",0.359299267988343
"198","Dynamic",1.0368319134919
"199","Dynamic",0.474326649745514
"200","Dynamic",0.755207371611914
"201","Dynamic",0.851745955965719
"202","Dynamic",0.383861694499443
"203","Dynamic",0.513441765874708
"204","Dynamic",0.677657917406456
"205","Dynamic",0.223531701762146
"206","Dynamic",0.309889332202317
"207","Dynamic",0.793126000252749
"208","Dynamic",0.685063135164895
"209","Dynamic",0.707244355611481
"210","Dynamic",0.692850356531845
"211","Dynamic",0.435724186550364
"212","Dynamic",0.42050910348549
"213","Dynamic",0.636630197874052
"214","Dynamic",0.763323405139904
"215","Dynamic",0.502322449145788
"216","Dynamic",0.226817791136587
"217","Dynamic",0.344014833522484
"218","Dynamic",0.504537171130231
"219","Dynamic",0.719123236277427
"220","Dynamic",0.41746225940836
"221","Dynamic",0.375704430824424
"222","Dynamic",0.578534652513087
"223","Dynamic",0.383798954757464
"224","Dynamic",0.599597375681078
"225","Dynamic",0.330046826378513
"226","Dynamic",0.761577212622725
"227","Dynamic",0.475856215234362
"228","Dynamic",0.493260860549932
"229","Dynamic",0.496593237461591
"230","Dynamic",0.337621197014339
"231","Dynamic",0.281248225343727
"232","Dynamic",0.638012778063941
"233","Dynamic",0.251442210397433
"234","Dynamic",0.383984816208994
"235","Dynamic",0.379642645530347
"236","Dynamic",0.49044077075093
"237","Dynamic",0.330898198097101
"238","Dynamic",0.551989772255803
"239","Dynamic",0.379376615034239
"240","Dynamic",0.416687258918516
"241","Dynamic",0.714426437775272
"242","Dynamic",0.68195637172333
"243","Dynamic",0.512693333759027
"244","Dynamic",0.366939901593694
"245","Dynamic",0.491334794588253
"246","Dynamic",0.305902960987022
"247","Dynamic",0.400793040470463
"248","Dynamic",0.495582636007302
"249","Dynamic",0.576444880922176
"250","Dynamic",0.287882082303797
"251","Dynamic",0.415299020521374
"252","Dynamic",0.429012059189516
"253","Dynamic",0.378547928725217
"254","Dynamic",0.543863928576521
"255","Dynamic",0.254162752651572
"256","Dynamic",0.290141597216229
"257","Dynamic",0.425119924593973
"258","Dynamic",0.515092526961886
"259","Dynamic",0.285053950096065
"260","Dynamic",0.379674197116132
"261","Dynamic",0.443135628973558
"262","Dynamic",0.557430449560877
"263","Dynamic",0.676949336265395
"264","Dynamic",0.552344896729951
"265","Dynamic",0.598247749648805
"266","Dynamic",0.570324265309297
"267","Dynamic",0.724415862106488
"268","Dynamic",0.393006894422804
"269","Dynamic",0.414718986404021
"270","Dynamic",0.594498348910201
"271","Dynamic",0.257093028593683
"272","Dynamic",0.265399374316672
"273","Dynamic",0.401918625846446
"274","Dynamic",0.206206571178839
"275","Dynamic",0.560320679536873
"276","Dynamic",0.379267545773368
"277","Dynamic",0.415840042937824
"278","Dynamic",0.397011432305891
"279","Dynamic",0.651331235360503
"280","Dynamic",0.665905293908385
"281","Dynamic",0.317447680580067
"282","Dynamic",0.628052263363569
"283","Dynamic",0.454393052407895
"284","Dynamic",0.550403141385313
"285","Dynamic",0.613338374669129
"286","Dynamic",0.574541744011157
"287","Dynamic",0.212949984204255
"288","Dynamic",0.424284719011652
"289","Dynamic",0.769341691988835
"290","Dynamic",0.654562303503831
"291","Dynamic",0.443912008659022
"292","Dynamic",0.374257968078245
"293","Dynamic",0.464299630606692
"294","Dynamic",0.78236656098115
"295","Dynamic",0.598940598309211
"296","Dynamic",0.475834458534204
"297","Dynamic",0.480299113930672
"298","Dynamic",0.394732305186926
"299","Dynamic",0.202861188502518
"300","Dynamic",0.550363400456409
"301","Dynamic",0.404518693328779
"302","Dynamic",0.364458299070617
"303","Dynamic",0.523364468994488
"304","Dynamic",0.561312998960265
"305","Dynamic",0.485129737508507
"306","Dynamic",0.330046347760418
"307","Dynamic",0.392881430382814
"308","Dynamic",0.476739631929623
"309","Dynamic",0.608948926102589
"310","Dynamic",0.417205691655541
"311","Dynamic",0.206684637948749
"312","Dynamic",0.543701687594102
"313","Dynamic",0.388919211887525
"314","Dynamic",0.336345146264922
"315","Dynamic",0.709743059283109
"316","Dynamic",0.381459786361783
"317","Dynamic",0.585581670294227
"318","Dynamic",0.422629461304969
"319","Dynamic",0.690556459290228
"320","Dynamic",0.622961439517388
"321","Dynamic",0.570358641735489
"322","Dynamic",0.267785505088718
"323","Dynamic",0.619731886930461
"324","Dynamic",0.410762472391057
"325","Dynamic",0.500888446339124
"326","Dynamic",0.170774263551526
"327","Dynamic",0.645717912980727
"328","Dynamic",0.721761100468628
"329","Dynamic",0.657522053357601
"330","Dynamic",0.286136738074558
"331","Dynamic",0.252383476968244
"332","Dynamic",0.28228783919286
"333","Dynamic",0.380091204725441
"334","Dynamic",0.346278829557645
"335","Dynamic",0.711497679441508
"336","Dynamic",0.212694678830939
"337","Dynamic",0.441185922085704
"338","Dynamic",0.216543766883591
"339","Dynamic",0.65806482603879
"340","Dynamic",0.35194340506327
"341","Dynamic",0.380563768691134
"342","Dynamic",0.386453748260191
"343","Dynamic",0.225262221307818
"344","Dynamic",0.869307358514362
"345","Dynamic",0.463853353200686
"346","Dynamic",0.200716798116921
"347","Dynamic",0.323057334124868
"348","Dynamic",0.624560889835363
"349","Dynamic",0.359439273816152
"350","Dynamic",0.504139503242039
"351","Dynamic",0.26835462797751
"352","Dynamic",0.378878890992266
"353","Dynamic",0.20061433564873
"354","Dynamic",0.453007869318572
"355","Dynamic",0.583349802140094
"356","Dynamic",0.208784065547622
"357","Dynamic",0.306999139033533
"358","Dynamic",0.296863133103393
"359","Dynamic",0.296882009940887
"360","Dynamic",0.476948731149936
"361","Dynamic",0.500855408882054
"362","Dynamic",0.492590572809869
"363","Dynamic",0.366259310501112
"364","Dynamic",0.430061470465744
"365","Dynamic",0.379173222915904
"366","Dynamic",0.482707351231485
"367","Dynamic",0.398308616023558
"368","Dynamic",0.368931472580166
"369","Dynamic",0.285174845969153
"370","Dynamic",0.380639462409954
"371","Dynamic",0.500618462612732
"372","Dynamic",0.254797278457958
"373","Dynamic",0.558252836912838
"374","Dynamic",0.283743202191754
"375","Dynamic",0.365167334557555
"376","Dynamic",0.451605479930673
"377","Dynamic",0.383635829283748
"378","Dynamic",0.396649505376126
"379","Dynamic",0.219346945536294
"380","Dynamic",0.269097912721641
"381","Dynamic",0.48810441525711
"382","Dynamic",0.720534920893844
"383","Dynamic",0.426228591020128
"384","Dynamic",0.260080841605195
"385","Dynamic",0.224263327669779
"386","Dynamic",0.214173069086765
"387","Dynamic",0.105172551789382
"388","Dynamic",0.593867603974168
"389","Dynamic",0.613466918048059
"390","Dynamic",0.176634530770277
"391","Dynamic",0.506576110023899
"392","Dynamic",0.374765232686821
"393","Dynamic",0.526281400793973
"394","Dynamic",0.353464291328086
"395","Dynamic",0.810656684921077
"396","Dynamic",0.715298918889549
"397","Dynamic",0.472446838625829
"398","Dynamic",0.376529328426532
"399","Dynamic",0.579332386506247
"400","Dynamic",0.438889673536443
"401","Dynamic",0.788472524641087
"402","Dynamic",0.441899537718577
"403","Dynamic",0.578847426343562
"404","Dynamic",0.598418409514828
"405","Dynamic",0.452730324671554
"406","Dynamic",0.606504503308629
"407","Dynamic",0.577022652705182
"408","Dynamic",0.74381604860584
"409","Dynamic",0.378769172766641
"410","Dynamic",0.590073176964512
"411","Dynamic",0.465571145086143
"412","Dynamic",0.367752938117705
"413","Dynamic",0.896679640821757
"414","Dynamic",0.982254637687386
"415","Dynamic",1.19634750927822
"416","Dynamic",0.463246304479947
"417","Dynamic",0.49683241421693
"418","Dynamic",0.547604742906616
"419","Dynamic",0.45761978689635
"420","Dynamic",0.165821650401982
"421","Dynamic",0.743248074546715
"422","Dynamic",0.602675534836911
"423","Dynamic",0.130156311863645
"424","Dynamic",0.418017235699886
"425","Dynamic",0.624689882593652
"426","Dynamic",0.450323504274053
"427","Dynamic",0.51059540196252
"428","Dynamic",0.385734662619566
"429","Dynamic",0.346453587332439
"430","Dynamic",0.546543520726701
"431","Dynamic",0.376687161302869
"432","Dynamic",0.751427191960636
"433","Dynamic",0.497991819034044
"434","Dynamic",0.113916452429842
"435","Dynamic",0.451692433900157
"436","Dynamic",0.430973204305694
"437","Dynamic",1.22920223339201
"438","Dynamic",0.544546149815894
"439","Dynamic",0.259783048508458
"440","Dynamic",0.859768238474551
"441","Dynamic",0.169416888134576
"442","Dynamic",1.03510520203498
"443","Dynamic",0.160649710398144
"444","Dynamic",0.322315738363928
"445","Dynamic",0.393487215631167
"446","Dynamic",0.447242410369564
"447","Dynamic",0.130009298130105
"448","Dynamic",0.182860161306534
"449","Dynamic",0.498741025200614
"450","Dynamic",0.430989688059464
"451","Dynamic",0.202664051305748
"452","Dynamic",1.00290599250192
"453","Dynamic",0.503889242863129
"454","Dynamic",0.429313785759717
"455","Dynamic",0.591852961281445
"456","Dynamic",0.23313425036413
"457","Dynamic",0.620259123389813
"458","Dynamic",0.338357408182401
"459","Dynamic",0.145740092623753
"460","Dynamic",0.524596388252107
"461","Dynamic",0.934966128555338
"462","Dynamic",0.340352054483609
"463","Dynamic",0.132655229931355
"464","Dynamic",0.233237152316842
"465","Dynamic",0.143009558514315
"466","Dynamic",0.28645442714084
"467","Dynamic",0.708326500220935
"468","Dynamic",0.351045483914991
"469","Dynamic",0.115449920761542
"470","Dynamic",0.16097948076785
"471","Dynamic",0.405995126337293
"472","Dynamic",0.655956488276298
"473","Dynamic",0.186469031727299
"474","Dynamic",0.222968489361981
"475","Dynamic",0.444646102785807
"476","Dynamic",0.718323073537422
"477","Dynamic",0.471548085833984
"478","Dynamic",0.204675562558697
"479","Dynamic",0.505121123136437
"480","Dynamic",1.303222309888
"481","Dynamic",0.143008168507308
"482","Dynamic",0.582363941907778
"483","Dynamic",0.404139274233557
"484","Dynamic",0.49188749691744
"485","Dynamic",0.353229342927047
"486","Dynamic",0.114247792461246
"487","Dynamic",0.384525161197765
"488","Dynamic",0.711488587266669
"489","Dynamic",0.412130707807982
"490","Dynamic",0.143277384583727
"491","Dynamic",0.359011124311621
"492","Dynamic",0.417416315013378
"493","Dynamic",0.621162774385482
"494","Dynamic",0.297040255291154
"495","Dynamic",0.568172459141424
"496","Dynamic",0.439151790098544
"497","Dynamic",0.795880733593684
"498","Dynamic",0.524464059583122
"499","Dynamic",0.48604496787061
"500","Dynamic",0.242300826642924
"501","Dynamic",0.485999076146893
"502","Dynamic",0.243066203251119
"503","Dynamic",0.481290220592902
"504","Dynamic",0.580792224647021
"505","Dynamic",0.44073639188272
"506","Dynamic",0.753958615449313
"507","Dynamic",0.0802247333762487
"508","Dynamic",0.338756958999898
"509","Dynamic",0.600211186231481
"510","Dynamic",0.397749894731129
"511","Dynamic",0.121200272707615
"512","Dynamic",0.739167258047821
"513","Dynamic",0.369718530847806
"514","Dynamic",0.501104425777691
"515","Dynamic",0.257401878906925
"516","Dynamic",0.514260959994153
"517","Dynamic",0.390461090064782
"518","Dynamic",0.682225811746814
"519","Dynamic",0.539088405752078
"520","Dynamic",0.390247510425505
"521","Dynamic",0.207392214629907
"522","Dynamic",0.43497150437494
"523","Dynamic",0.929255322136598
"524","Dynamic",0.390683254624479
"525","Dynamic",0.539671189824085
"526","Dynamic",0.634734895894842
"527","Dynamic",0.341024962049915
"528","Dynamic",0.393912585117003
"529","Dynamic",0.341024962049915
"530","Dynamic",0.341025252401085
"531","Dynamic",0.6347352975937
"532","Dynamic",0.362987632599705
"533","Dynamic",0.294056236751771
"534","Dynamic",0.336143832029923
"535","Dynamic",0.385192814506212
"536","Dynamic",0.487053049574835
"537","Dynamic",1.16514049678362
"538","Dynamic",0.678740988160231
"539","Dynamic",0.238745750168651
"540","Dynamic",0.392204819143491
"541","Dynamic",0.581097139021152
"542","Dynamic",0.375048547691112
"543","Dynamic",0.661243430405324
"544","Dynamic",0.704264111273391
"545","Dynamic",0.387953300020538
"546","Dynamic",0.988651457847648
"547","Dynamic",0.757713058527285
"548","Dynamic",0.547169927703177
"549","Dynamic",0.716958590697166
"550","Dynamic",0.696970587940149
"551","Dynamic",0.5891635321714
"552","Dynamic",0.190003237987234
"553","Dynamic",0.58735529004199
"554","Dynamic",0.990766573339052
"555","Dynamic",1.0080115918826
"556","Dynamic",0.73409344604697
"557","Dynamic",0.637835300461617
"558","Dynamic",0.364701644984152
"559","Dynamic",0.814991784781175
"560","Dynamic",0.509190012422816
"561","Dynamic",0.7120632079309
"562","Dynamic",0.420019319266929
"563","Dynamic",0.656064048713611
"564","Dynamic",0.749317634992763
"565","Dynamic",0.915698020250586
"566","BT",0.0192310239770615
"567","BT",0.00301091042385133
"568","BT",0.884991820459904
"569","BT",0.431611174478099
"570","BT",0.831597171445928
"571","BT",0.923716192288439
"572","BT",0.218171979470889
"573","BT",0.410438919850972
"574","BT",0.375397691077477
"575","BT",0.0862384737473359
"576","BT",0.16421221136556
"577","BT",0.310946543299594
"578","BT",0.0765684728473326
"579","BT",1.22923684810607
"580","BT",0.13070933488972
"581","BT",0.43797123131832
"582","BT",0.142281064817161
"583","BT",0.0873878231842076
"584","BT",0.730542869479346
"585","BT",0.831701685819424
"586","BT",0.433787828040724
"587","BT",1.00118380966691
"588","BT",0.1338439254366
"589","BT",0.705789627971405
"590","BT",0.102148290839266
"591","BT",0.515549509805809
"592","BT",0.0162066391318483
"593","BT",0.132775446550933
"594","BT",0.0692350312882783
"595","BT",0.12947996453569
"596","BT",0.909554436267541
"597","BT",0.059685348000946
"598","BT",0.287792978039539
"599","BT",0.0934055530508111
"600","BT",0.418623931038568
"601","BT",0.0345144090517905
"602","BT",0.159621039236106
"603","BT",0.525552647755376
"604","BT",1.62110205412838
"605","BT",0.37458370169236
"606","BT",1.0032822460488
"607","BT",0.348014017692181
"608","BT",0.100427475087236
"609","BT",0.191267750563489
"610","BT",0.0115868595784606
"611","BT",0.0125513545506997
"612","BT",0.269068131635242
"613","BT",1.18428340282384
"614","BT",0.840159801450261
"615","BT",0.456833752437922
"616","BT",0.0270959098160293
"617","BT",0.137457040588995
"618","BT",0.427826282586516
"619","BT",0.264947499234262
"620","BT",0.606524811982555
"621","BT",1.15402334011091
"622","BT",0.291405511154294
"623","BT",1.01424502146205
"624","BT",0.126523618743998
"625","BT",0.576474242140188
"626","BT",0.00490106900483406
"627","BT",0.158803963079422
"628","BT",0.0229257314642719
"629","BT",0.197885336611448
"630","BT",0.0804606114167859
"631","BT",1.89912249659495
"632","BT",0.145470379745533
"633","BT",0.659830275008522
"634","BT",0.291778597628628
"635","BT",0.192997420059225
"636","BT",0.326981057467154
"637","BT",0.327700405508409
"638","BT",1.27259630225984
"639","BT",1.03142698302133
"640","BT",0.700226190510733
"641","BT",0.353554132591909
"642","BT",0.94108536183903
"643","BT",0.646015032512007
"644","BT",0.401735016424044
"645","BT",0.0314302928517846
"646","BT",0.449273918752298
"647","BT",0.894474236853192
"648","BT",0.270372629831984
"649","BT",1.21662717609477
"650","BT",0.354693759613754
"651","BT",0.0040172115709179
"652","BT",0.131194421840684
"653","BT",0.0483899406092213
"654","BT",0.405530433475597
"655","BT",0.45184056155714
"656","BT",0.0638994178196077
"657","BT",0.583172647422469
"658","BT",0.397741822955925
"659","BT",1.07012845499849
"660","BT",0.362307536489433
"661","BT",0.862212042735207
"662","BT",0.923106542856975
"663","BT",0.255292139389637
"664","BT",0.149390911882569
"665","BT",0.255312095841076
"666","BT",0.458034766198681
"667","BT",0.553761282802115
"668","BT",0.433508536141582
"669","BT",0.314159715568265
"670","BT",0.576107181780098
"671","BT",0.746900148118336
"672","BT",0.0242861066957862
"673","BT",0.332924200165999
"674","BT",0.199810061393955
"675","BT",1.06723374495502
"676","BT",0.0043348287587941
"677","BT",0.364077747552283
"678","BT",0.30276903940918
"679","BT",0.424311667752056
"680","BT",0.591479974170646
"681","BT",0.631167717230647
"682","BT",0.52862122284311
"683","BT",1.19757088697841
"684","BT",0.256840446155218
"685","BT",0.0916366455058742
"686","BT",0.437771576015801
"687","BT",0.542353547306384
"688","BT",0.0104999873559456
"689","BT",0.0393638762192017
"690","BT",0.0413450089236174
"691","BT",0.437098399852937
"692","BT",0.387217974751955
"693","BT",1.00142464713167
"694","BT",0.113198944058504
"695","BT",1.005667818742
"696","BT",0.426794702483211
"697","BT",0.365372548054633
"698","BT",0.0987377382213866
"699","BT",0.934200580640952
"700","BT",1.41688469104812
"701","BT",0.251066281316227
"702","BT",0.347336799175083
"703","BT",0.574422349532899
"704","BT",0.637119459891714
"705","BT",0.267756905432351
"706","BT",0.354994724582376
"707","BT",0.23987680661307
"708","BT",0.554990795731243
"709","BT",0.398821638277704
"710","BT",1.03475563023324
"711","BT",0.992682509777456
"712","BT",1.14512757589144
"713","BT",0.430460326791687
"714","BT",1.45023135272598
"715","BT",0.400710899822018
"716","BT",0.389051239064846
"717","BT",0.0510306799195977
"718","BT",0.248158862234926
"719","BT",0.699891260496483
"720","BT",0.238804871707754
"721","BT",0.366398608922671
"722","BT",0.388311040089955
"723","BT",0.0833396160837256
"724","BT",0.29762561435507
"725","BT",0.0957501395057966
"726","BT",0.225287976687584
"727","BT",0.574558233620029
"728","BT",0.502736183916312
"729","BT",0.0310833070651496
"730","BT",0.183710267093762
"731","BT",1.42085981102721
"732","BT",0.871253384076284
"733","BT",0.273300451281388
"734","BT",0.180226289218966
"735","BT",0.96225115964567
"736","BT",0.0817017804949385
"737","BT",0.570316979126774
"738","BT",0.0577998158930385
"739","BT",0.248058097174007
"740","BT",0.708013896104153
"741","BT",0.687390338014398
"742","BT",0.00841556596702422
"743","BT",1.36763051059611
"744","BT",0.191273914342648
"745","BT",1.14842293267284
"746","BT",1.03443318235205
"747","BT",0.24006495926409
"748","BT",0.120771389783292
"749","BT",0.209247399709227
"750","BT",0.290620222655538
"751","BT",0.272698819352166
"752","BT",0.196091266231431
"753","BT",0.09259463480353
"754","BT",0.0759754583803023
"755","BT",0.416045705808357
"756","BT",0.243303835499757
"757","BT",0.232390253768732
"758","BT",0.159120424248909
"759","BT",0.276200442351356
"760","BT",0.100297199071643
"761","BT",0.482535772100809
"762","BT",0.689917825830165
"763","BT",1.64524205760291
"764","BT",0.0880149252391168
"765","BT",1.23127132260678
"766","BT",0.679337021857103
"767","BT",0.0336497242328535
"768","BT",0.399920162161743
"769","BT",0.333262526756873
"770","BT",0.162071130147879
"771","BT",0.207075665965859
"772","BT",1.23889538161657
"773","BT",0.166595852404172
"774","BT",0.904849228250673
"775","BT",0.899009740019808
"776","BT",0.472118783522452
"777","BT",0.591625322430021
"778","BT",1.45180773247997
"779","BT",1.34694972783342
"780","BT",0.216609415548545
"781","BT",0.171851132113151
"782","BT",0.031078903155704
"783","BT",0.0753009928179201
"784","BT",0.283571589783244
"785","BT",0.173726492949916
"786","BT",0.370234298603033
"787","BT",0.184882801253411
"788","BT",0.355826405345429
"789","BT",1.20386744734793
"790","BT",0.0835990537034701
"791","BT",0.968852835644477
"792","BT",0.540667332288485
"793","BT",0.0484831309374297
"794","BT",0.101072457692155
"795","BT",1.07746374560254
"796","BT",0.744856135178861
"797","BT",0.970834974154303
"798","BT",0.00825025124999342
"799","BT",0.359392644936706
"800","BT",0.369569546636824
"801","BT",0.342100281720672
"802","BT",0.0949752264216948
"803","BT",0.180351266532867
"804","BT",0.508061386924252
"805","BT",0.785022078254305
"806","BT",0.939425288026763
"807","BT",0.40117870578389
"808","BT",1.1935637764545
"809","BT",0.283720230635239
"810","BT",0.034395787197875
"811","BT",0.150910527960757
"812","BT",0.384611093577785
"813","BT",0.57003885983364
"814","BT",0.156496432232851
"815","BT",0.0709014821023216
"816","BT",0.281174863884328
"817","BT",0.419741172611866
"818","BT",0.548867069989453
"819","BT",0.816884880050278
"820","BT",0.0190103787467623
"821","BT",0.0521698382013052
"822","BT",0.502211273725248
"823","BT",0.668013229911294
"824","BT",0.0825795983825839
"825","BT",0.353389717812137
"826","BT",0.118744350548232
"827","BT",0.164151286388291
"828","BT",0.368271034566278
"829","BT",0.813976177073027
"830","BT",0.349711750189619
"831","BT",0.157092708224283
"832","BT",0.870989095772563
"833","BT",0.732690248118829
"834","BT",0.402231721772156
"835","BT",0.19560137251218
"836","BT",0.0539978017743109
"837","BT",0.166655123405249
"838","BT",0.03332677853734
"839","BT",0.0308886225777788
"840","BT",0.394351894907506
"841","BT",1.04226172093604
"842","BT",0.390224968075793
"843","BT",0.40170925717791
"844","BT",0.78782773172933
"845","BT",0.520620141463382
"846","BT",0.0823084699765749
"847","BT",0.374065638550871
"848","BT",0.982608025887956
"849","BT",0.708863750004895
"850","BT",1.06348152813346
"851","BT",0.176503194070736
"852","BT",0.0519478134759355
"853","BT",0.107572338815533
"854","BT",0.6950054604135
"855","BT",1.14745895387421
"856","BT",0.0383287454212774
"857","BT",0.403867919427499
"858","BT",0.430898031964575
"859","BT",0.868567427997176
"860","BT",1.08655198901544
"861","BT",0.40983763178139
"862","BT",0.0694305265551352
"863","BT",0.725280066481253
"864","BT",0.0290214183194228
"865","BT",0.732976419340739
"866","BT",0.434744230204501
"867","BT",0.315436944701106
"868","BT",0.366485379289426
"869","BT",0.880043156119433
"870","BT",0.404412101773801
"871","BT",0.220620849404664
"872","BT",0.443070858901518
"873","BT",0.172040782195395
"874","BT",0.685797974404848
"875","BT",0.141773509035918
"876","BT",0.0122249425880991
"877","BT",0.185268960449011
"878","BT",0.048345227297721
"879","BT",0.356093159422768
"880","BT",0.706246105383656
"881","BT",0.383096369144233
"882","BT",0.196654080409937
"883","BT",0.359091798059206
"884","BT",1.39114373228734
"885","BT",0.443923661302515
"886","BT",0.980665329199122
"887","BT",0.0145177352644749
"888","BT",0.830792031402124
"889","BT",0.594206798907928
"890","BT",0.0807945251829238
"891","BT",0.0162279255795583
"892","BT",0.405001625024718
"893","BT",0.431117680739712
"894","BT",0.943527880816064
"895","BT",0.0209574720916061
"896","BT",0.119739286116978
"897","BT",0.108304487941757
"898","BT",0.55258165473251
"899","BT",0.132215884008569
"900","BT",0.120273128175305
"901","BT",0.183723564355361
"902","BT",1.35452104770916
"903","BT",0.422711121584297
"904","BT",0.27560111652402
"905","BT",0.131602114322456
"906","BT",0.353625946333197
"907","BT",0.584348131405125
"908","BT",0.212256025122977
"909","BT",0.631210610100889
"910","BT",0.321955506399712
"911","BT",0.0389237563520231
"912","BT",0.116373246553628
"913","BT",0.455483236431721
"914","BT",0.438778761674194
"915","BT",0.193470312767213
"916","BT",0.662916246820967
"917","BT",0.302303277340473
"918","BT",0.105306764974504
"919","BT",0.203116290253147
"920","BT",0.597183292720043
"921","BT",0.0943102502906382
"922","BT",0.470510237869174
"923","BT",0.112063922770924
"924","BT",0.00648574659688047
"925","BT",0.408159138400282
"926","BT",0.0526060407079746
"927","BT",0.553470581874917
"928","BT",0.122828806983149
"929","BT",0.334910610577523
"930","BT",0.354536771074052
"931","BT",0.462009308615917
"932","BT",0.354766677493052
"933","BT",0.216565019894617
"934","BT",0.0147410936951883
"935","BT",0.146894451220943
"936","BT",0.70434097408024
"937","BT",0.107793822043342
"938","BT",0.388970143120533
"939","BT",0.379436872519186
"940","BT",0.167256879791688
"941","BT",0.356281218438391
"942","BT",0.495133455898147
"943","BT",0.168860344122136
"944","BT",0.393177579473315
"945","BT",0.0772963849308373
"946","BT",0.0935640473080225
"947","BT",0.633689603425762
"948","BT",0.0502063048766517
"949","BT",0.108182288940874
"950","BT",0.898287845066876
"951","BT",0.0825107471648926
"952","BT",0.0117757417274209
"953","BT",0.25182601223555
"954","BT",0.107417770697919
"955","BT",0.0719282022619957
"956","BT",0.378075458153504
"957","BT",0.768478782255731
"958","BT",0.177000705144298
"959","BT",0.0179007667422939
"960","BT",0.257962741838087
"961","BT",0.666551361581865
"962","BT",0.218782699979935
"963","BT",0.528343621790391
"964","BT",0.140217180658891
"965","BT",0.615252647971256
"966","BT",0.399775398933926
"967","BT",0.185512364330279
"968","BT",0.409899644980651
"969","BT",0.591823835941861
"970","BT",0.273624138980053
"971","BT",0.493544585607233
"972","BT",1.28400450014589
"973","BT",1.15548918590439
"974","BT",0.350233493838936
"975","BT",0.583166032187942
"976","BT",0.0226921988944844
"977","BT",0.0437576815133596
"978","BT",1.25023131759446
"979","BT",0.300515955423874
"980","BT",1.09402635527702
"981","BT",0.349473467386707
"982","BT",0.302829356147694
"983","BT",0.144870055355448
"984","BT",0.598708287422679
"985","BT",0.0235390307766116
"986","BT",0.383140414239583
"987","BT",1.06966942854433
"988","BT",0.0112247853530881
"989","BT",0.476014281449366
"990","BT",0.967833848741702
"991","BT",0.139426353564542
"992","BT",0.123510252617148
"993","BT",0.686109993734307
"994","BT",0.166587112146783
"995","BT",0.685644977237357
"996","BT",0.349355999916334
"997","BT",0.996687978513544
"998","BT",0.436274691768135
"999","BT",0.0156472510482508
"1000","BT",0.56776585862599
"1001","BT",0.369084559996349
"1002","BT",1.39362902026071
"1003","BT",1.38329668586856
"1004","BT",0.679842660941857
"1005","BT",1.37881953890163
"1006","BT",0.0444879558699771
"1007","BT",0.892368243778813
"1008","BT",0.0228443087209312
"1009","BT",0.293813133445788
"1010","BT",0.301781280809416
"1011","BT",0.250373206746388
"1012","BT",0.0111294705218668
"1013","BT",0.097388871873133
"1014","BT",0.340359774277248
"1015","BT",0.185260395089163
"1016","BT",0.160525675049718
"1017","BT",0.729428382107939
"1018","BT",0.32654549380694
"1019","BT",0.138175521619275
"1020","BT",0.137780186965948
"1021","BT",0.216084873783434
"1022","BT",0.519710856657914
"1023","BT",0.323250833777844
"1024","BT",0.0895726136924678
"1025","BT",0.0962959174751614
"1026","BT",0.45473216150108
"1027","BT",0.0963638717499292
"1028","BT",0.0399584426429027
"1029","BT",0.289161942968779
"1030","BT",0.0207024149740943
"1031","BT",0.253096379864947
"1032","BT",0.838563298114448
"1033","BT",0.221157687592591
"1034","BT",0.010204095900695
"1035","BT",0.0880655254554902
"1036","BT",0.300471644954792
"1037","BT",1.04975931415683
"1038","BT",0.14196336025667
"1039","BT",0.403042176940719
"1040","BT",0.296538229729511
"1041","BT",1.1494236127016
"1042","BT",0.124590633776173
"1043","BT",0.190803541152337
"1044","BT",0.466473147259982
"1045","BT",1.30666269016341
"1046","BT",0.253340037433401
"1047","BT",0.756479384149606
"1048","BT",0.154007977121295
"1049","BT",0.130871925692306
"1050","BT",0.269194577375845
"1051","BT",0.0208333723909271
"1052","BT",0.256650286173074
"1053","BT",1.18614216975328
"1054","BT",0.0286439356876147
"1055","BT",0.707882465495439
"1056","BT",0.875953823359585
"1057","BT",0.0732520828417665
"1058","BT",0.456072011985348
"1059","BT",0.118512355752594
"1060","BT",0.559622005167314
"1061","BT",0.226268766544307
"1062","BT",0.554729606277597
"1063","BT",1.28691688404915
"1064","BT",0.028985539662717
"1065","BT",0.0808457277252479
"1066","BT",0.337870128103622
"1067","BT",0.826693336958261
"1068","BT",0.863532126538049
"1069","BT",0.606063810384364
"1070","BT",0.11713433418418
"1071","BT",0.888840798535793
"1072","BT",0.0189307585243764
"1073","BT",0.225055261194254
"1074","BT",1.05914485636878
"1075","BT",0.74182731449819
"1076","BT",0.631642519713527
"1077","BT",0.290064957861896
"1078","BT",0.0642440346628508
"1079","BT",0.636282701968118
"1080","BT",0.101291231206771
"1081","BT",0.500817142495305
"1082","BT",0.197855883800952
"1083","BT",0.489139967094219
"1084","BT",0.110318978183356
"1085","BT",0.0264751587581039
"1086","BT",0.0746836942729851
"1087","BT",0.293302701763031
"1088","BT",0.312796363467193
"1089","BT",0.787131361533276
"1090","BT",0.493283908198763
"1091","BT",0.282281541428461
"1092","BT",0.254010622854121
"1093","BT",0.565106460625312
"1094","BT",0.100421069337153
"1095","BT",0.272559997050107
"1096","BT",0.567033116526469
"1097","BT",0.0788741086070806
"1098","BT",0.157151397203649
"1099","BT",0.163658283570821
"1100","BT",0.563090971572328
"1101","BT",0.713572413851923
"1102","BT",0.482480826473369
"1103","BT",0.112379558794747
"1104","BT",0.660474694219635
"1105","BT",0.867788576057608
"1106","BT",0.365404175469112
"1107","BT",1.08015338576459
"1108","BT",0.278415337741231
"1109","BT",0.279416029443
"1110","BT",0.474036059093485
"1111","BT",0.20981790195727
"1112","BT",0.289655788138469
"1113","BT",0.211208969920998
"1114","BT",0.228813552351905
"1115","BT",0.376009672896836
"1116","BT",0.159612873799594
"1117","BT",0.860528361414031
"1118","BT",0.369939358205334
"1119","BT",0.117804999232953
"1120","BT",0.0974653565532886
"1121","BT",0.284179485381501
"1122","BT",0.0301971340997279
"1123","BT",0.641551173522233
"1124","BT",0.330077508884687
"1125","BT",0.601979677975375
"1126","BT",0.168898609449544
"1127","BT",0.761437316421456
"1128","BT",0.17802472670709
"1129","BT",0.501491622637437
"1130","BT",0.413547640129837
"1131","Empirical",0.434850749103988
"1132","Empirical",0.587875660136017
"1133","Empirical",0.587875660136017
"1134","Empirical",0.434850749103988
"1135","Empirical",0.434850749103988
"1136","Empirical",0.434850749103988
"1137","Empirical",0.587875660136017
"1138","Empirical",0.434850749103988
"1139","Empirical",0.381469966185839
"1140","Empirical",0.434850749103988
"1141","Empirical",0.587875660136017
"1142","Empirical",0.434850749103988
"1143","Empirical",0.434850749103988
"1144","Empirical",0.434850749103988
"1145","Empirical",0.434850749103988
"1146","Empirical",0.434850749103988
"1147","Empirical",0.434850749103988
"1148","Empirical",0.587875660136017
"1149","Empirical",0.434850749103988
"1150","Empirical",0.381469966185839
"1151","Empirical",0.587875660136017
"1152","Empirical",0.434850749103988
"1153","Empirical",0.434850749103988
"1154","Empirical",0.434850749103988
"1155","Empirical",0.587875660136017
"1156","Empirical",0.381469966185839
"1157","Empirical",0.434850749103988
"1158","Empirical",0.434850749103988
"1159","Empirical",0.434850749103988
"1160","Empirical",0.587875660136017
"1161","Empirical",0.587875660136017
"1162","Empirical",0.434850749103988
"1163","Empirical",0.587875660136017
"1164","Empirical",0.434850749103988
"1165","Empirical",0.587875660136017
"1166","Empirical",0.434850749103988
"1167","Empirical",0.434850749103988
"1168","Empirical",0.434850749103988
"1169","Empirical",0.587875660136017
"1170","Empirical",0.587875660136017
"1171","Empirical",0.434850749103988
"1172","Empirical",0.381469966185839
"1173","Empirical",0.587875660136017
"1174","Empirical",0.587875660136017
"1175","Empirical",0.434850749103988
"1176","Empirical",0.434850749103988
"1177","Empirical",0.587875660136017
"1178","Empirical",0.587875660136017
"1179","Empirical",0.587875660136017
"1180","Empirical",0.587875660136017
"1181","Empirical",0.587875660136017
"1182","Empirical",0.587875660136017
"1183","Empirical",0.587875660136017
"1184","Empirical",0.434850749103988
"1185","Empirical",0.434850749103988
"1186","Empirical",0.587875660136017
"1187","Empirical",0.587875660136017
"1188","Empirical",0.587875660136017
"1189","Empirical",0.587875660136017
"1190","Empirical",0.434850749103988
"1191","Empirical",0.434850749103988
"1192","Empirical",0.434850749103988
"1193","Empirical",0.587875660136017
"1194","Empirical",0.587875660136017
"1195","Empirical",0.434850749103988
"1196","Empirical",0.434850749103988
"1197","Empirical",0.434850749103988
"1198","Empirical",0.434850749103988
"1199","Empirical",0.434850749103988
"1200","Empirical",0.587875660136017
"1201","Empirical",0.587875660136017
"1202","Empirical",0.587875660136017
"1203","Empirical",0.587875660136017
"1204","Empirical",0.587875660136017
"1205","Empirical",0.434850749103988
"1206","Empirical",0.381469966185839
"1207","Empirical",0.587875660136017
"1208","Empirical",0.381469966185839
"1209","Empirical",0.381469966185839
"1210","Empirical",0.434850749103988
"1211","Empirical",0.381469966185839
"1212","Empirical",0.434850749103988
"1213","Empirical",0.434850749103988
"1214","Empirical",0.434850749103988
"1215","Empirical",0.381469966185839
"1216","Empirical",0.434850749103988
"1217","Empirical",0.434850749103988
"1218","Empirical",0.587875660136017
"1219","Empirical",0.381469966185839
"1220","Empirical",0.587875660136017
"1221","Empirical",0.587875660136017
"1222","Empirical",0.434850749103988
"1223","Empirical",0.381469966185839
"1224","Empirical",0.434850749103988
"1225","Empirical",0.381469966185839
"1226","Empirical",0.434850749103988
"1227","Empirical",0.587875660136017
"1228","Empirical",0.587875660136017
"1229","Empirical",0.434850749103988
"1230","Empirical",0.434850749103988
"1231","Empirical",0.587875660136017
"1232","Empirical",0.587875660136017
"1233","Empirical",0.381469966185839
"1234","Empirical",0.434850749103988
"1235","Empirical",0.381469966185839
"1236","Empirical",0.381469966185839
"1237","Empirical",0.587875660136017
"1238","Empirical",0.587875660136017
"1239","Empirical",0.587875660136017
"1240","Empirical",0.434850749103988
"1241","Empirical",0.434850749103988
"1242","Empirical",0.381469966185839
"1243","Empirical",0.587875660136017
"1244","Empirical",0.587875660136017
"1245","Empirical",0.587875660136017
"1246","Empirical",0.587875660136017
"1247","Empirical",0.381469966185839
"1248","Empirical",0.587875660136017
"1249","Empirical",0.587875660136017
"1250","Empirical",0.587875660136017
"1251","Empirical",0.381469966185839
"1252","Empirical",0.587875660136017
"1253","Empirical",0.434850749103988
"1254","Empirical",0.434850749103988
"1255","Empirical",0.434850749103988
"1256","Empirical",0.381469966185839
"1257","Empirical",0.434850749103988
"1258","Empirical",0.587875660136017
"1259","Empirical",0.434850749103988
"1260","Empirical",0.434850749103988
"1261","Empirical",0.587875660136017
"1262","Empirical",0.381469966185839
"1263","Empirical",0.434850749103988
"1264","Empirical",0.587875660136017
"1265","Empirical",0.587875660136017
"1266","Empirical",0.434850749103988
"1267","Empirical",0.381469966185839
"1268","Empirical",0.434850749103988
"1269","Empirical",0.587875660136017
"1270","Empirical",0.434850749103988
"1271","Empirical",0.381469966185839
"1272","Empirical",0.587875660136017
"1273","Empirical",0.434850749103988
"1274","Empirical",0.381469966185839
"1275","Empirical",0.587875660136017
"1276","Empirical",0.434850749103988
"1277","Empirical",0.434850749103988
"1278","Empirical",0.434850749103988
"1279","Empirical",0.587875660136017
"1280","Empirical",0.381469966185839
"1281","Empirical",0.587875660136017
"1282","Empirical",0.587875660136017
"1283","Empirical",0.434850749103988
"1284","Empirical",0.434850749103988
"1285","Empirical",0.587875660136017
"1286","Empirical",0.587875660136017
"1287","Empirical",0.434850749103988
"1288","Empirical",0.434850749103988
"1289","Empirical",0.434850749103988
"1290","Empirical",0.434850749103988
"1291","Empirical",0.434850749103988
"1292","Empirical",0.434850749103988
"1293","Empirical",0.434850749103988
"1294","Empirical",0.434850749103988
"1295","Empirical",0.434850749103988
"1296","Empirical",0.434850749103988
"1297","Empirical",0.587875660136017
"1298","Empirical",0.434850749103988
"1299","Empirical",0.587875660136017
"1300","Empirical",0.434850749103988
"1301","Empirical",0.434850749103988
"1302","Empirical",0.587875660136017
"1303","Empirical",0.587875660136017
"1304","Empirical",0.587875660136017
"1305","Empirical",0.434850749103988
"1306","Empirical",0.587875660136017
"1307","Empirical",0.434850749103988
"1308","Empirical",0.587875660136017
"1309","Empirical",0.434850749103988
"1310","Empirical",0.434850749103988
"1311","Empirical",0.587875660136017
"1312","Empirical",0.587875660136017
"1313","Empirical",0.587875660136017
"1314","Empirical",0.434850749103988
"1315","Empirical",0.587875660136017
"1316","Empirical",0.587875660136017
"1317","Empirical",0.434850749103988
"1318","Empirical",0.587875660136017
"1319","Empirical",0.434850749103988
"1320","Empirical",0.587875660136017
"1321","Empirical",0.434850749103988
"1322","Empirical",0.434850749103988
"1323","Empirical",0.587875660136017
"1324","Empirical",0.587875660136017
"1325","Empirical",0.587875660136017
"1326","Empirical",0.587875660136017
"1327","Empirical",0.587875660136017
"1328","Empirical",0.587875660136017
"1329","Empirical",0.587875660136017
"1330","Empirical",0.587875660136017
"1331","Empirical",0.434850749103988
"1332","Empirical",0.434850749103988
"1333","Empirical",0.434850749103988
"1334","Empirical",0.434850749103988
"1335","Empirical",0.434850749103988
"1336","Empirical",0.587875660136017
"1337","Empirical",0.434850749103988
"1338","Empirical",0.434850749103988
"1339","Empirical",0.434850749103988
"1340","Empirical",0.434850749103988
"1341","Empirical",0.381469966185839
"1342","Empirical",0.381469966185839
"1343","Empirical",0.434850749103988
"1344","Empirical",0.587875660136017
"1345","Empirical",0.587875660136017
"1346","Empirical",0.587875660136017
"1347","Empirical",0.587875660136017
"1348","Empirical",0.587875660136017
"1349","Empirical",0.587875660136017
"1350","Empirical",0.587875660136017
"1351","Empirical",0.434850749103988
"1352","Empirical",0.434850749103988
"1353","Empirical",0.381469966185839
"1354","Empirical",0.587875660136017
"1355","Empirical",0.587875660136017
"1356","Empirical",0.434850749103988
"1357","Empirical",0.434850749103988
"1358","Empirical",0.587875660136017
"1359","Empirical",0.434850749103988
"1360","Empirical",0.434850749103988
"1361","Empirical",0.587875660136017
"1362","Empirical",0.587875660136017
"1363","Empirical",0.434850749103988
"1364","Empirical",0.381469966185839
"1365","Empirical",0.381469966185839
"1366","Empirical",0.587875660136017
"1367","Empirical",0.434850749103988
"1368","Empirical",0.587875660136017
"1369","Empirical",0.381469966185839
"1370","Empirical",0.587875660136017
"1371","Empirical",0.587875660136017
"1372","Empirical",0.434850749103988
"1373","Empirical",0.434850749103988
"1374","Empirical",0.434850749103988
"1375","Empirical",0.434850749103988
"1376","Empirical",0.587875660136017
"1377","Empirical",0.381469966185839
"1378","Empirical",0.587875660136017
"1379","Empirical",0.434850749103988
"1380","Empirical",0.587875660136017
"1381","Empirical",0.587875660136017
"1382","Empirical",0.434850749103988
"1383","Empirical",0.381469966185839
"1384","Empirical",0.434850749103988
"1385","Empirical",0.587875660136017
"1386","Empirical",0.434850749103988
"1387","Empirical",0.587875660136017
"1388","Empirical",0.434850749103988
"1389","Empirical",0.434850749103988
"1390","Empirical",0.381469966185839
"1391","Empirical",0.434850749103988
"1392","Empirical",0.434850749103988
"1393","Empirical",0.434850749103988
"1394","Empirical",0.587875660136017
"1395","Empirical",0.434850749103988
"1396","Empirical",0.587875660136017
"1397","Empirical",0.587875660136017
"1398","Empirical",0.381469966185839
"1399","Empirical",0.587875660136017
"1400","Empirical",0.434850749103988
"1401","Empirical",0.434850749103988
"1402","Empirical",0.587875660136017
"1403","Empirical",0.434850749103988
"1404","Empirical",0.434850749103988
"1405","Empirical",0.587875660136017
"1406","Empirical",0.587875660136017
"1407","Empirical",0.381469966185839
"1408","Empirical",0.381469966185839
"1409","Empirical",0.434850749103988
"1410","Empirical",0.587875660136017
"1411","Empirical",0.434850749103988
"1412","Empirical",0.434850749103988
"1413","Empirical",0.434850749103988
"1414","Empirical",0.587875660136017
"1415","Empirical",0.587875660136017
"1416","Empirical",0.587875660136017
"1417","Empirical",0.434850749103988
"1418","Empirical",0.434850749103988
"1419","Empirical",0.434850749103988
"1420","Empirical",0.587875660136017
"1421","Empirical",0.434850749103988
"1422","Empirical",0.434850749103988
"1423","Empirical",0.587875660136017
"1424","Empirical",0.587875660136017
"1425","Empirical",0.587875660136017
"1426","Empirical",0.434850749103988
"1427","Empirical",0.587875660136017
"1428","Empirical",0.381469966185839
"1429","Empirical",0.434850749103988
"1430","Empirical",0.434850749103988
"1431","Empirical",0.381469966185839
"1432","Empirical",0.587875660136017
"1433","Empirical",0.587875660136017
"1434","Empirical",0.587875660136017
"1435","Empirical",0.587875660136017
"1436","Empirical",0.434850749103988
"1437","Empirical",0.381469966185839
"1438","Empirical",0.587875660136017
"1439","Empirical",0.434850749103988
"1440","Empirical",0.587875660136017
"1441","Empirical",0.434850749103988
"1442","Empirical",0.434850749103988
"1443","Empirical",0.587875660136017
"1444","Empirical",0.434850749103988
"1445","Empirical",0.434850749103988
"1446","Empirical",0.381469966185839
"1447","Empirical",0.434850749103988
"1448","Empirical",0.434850749103988
"1449","Empirical",0.434850749103988
"1450","Empirical",0.434850749103988
"1451","Empirical",0.434850749103988
"1452","Empirical",0.434850749103988
"1453","Empirical",0.587875660136017
"1454","Empirical",0.587875660136017
"1455","Empirical",0.587875660136017
"1456","Empirical",0.434850749103988
"1457","Empirical",0.434850749103988
"1458","Empirical",0.587875660136017
"1459","Empirical",0.434850749103988
"1460","Empirical",0.587875660136017
"1461","Empirical",0.587875660136017
"1462","Empirical",0.587875660136017
"1463","Empirical",0.587875660136017
"1464","Empirical",0.434850749103988
"1465","Empirical",0.587875660136017
"1466","Empirical",0.434850749103988
"1467","Empirical",0.434850749103988
"1468","Empirical",0.587875660136017
"1469","Empirical",0.434850749103988
"1470","Empirical",0.587875660136017
"1471","Empirical",0.381469966185839
"1472","Empirical",0.381469966185839
"1473","Empirical",0.434850749103988
"1474","Empirical",0.434850749103988
"1475","Empirical",0.587875660136017
"1476","Empirical",0.587875660136017
"1477","Empirical",0.587875660136017
"1478","Empirical",0.434850749103988
"1479","Empirical",0.434850749103988
"1480","Empirical",0.434850749103988
"1481","Empirical",0.434850749103988
"1482","Empirical",0.434850749103988
"1483","Empirical",0.587875660136017
"1484","Empirical",0.434850749103988
"1485","Empirical",0.434850749103988
"1486","Empirical",0.587875660136017
"1487","Empirical",0.587875660136017
"1488","Empirical",0.434850749103988
"1489","Empirical",0.587875660136017
"1490","Empirical",0.381469966185839
"1491","Empirical",0.587875660136017
"1492","Empirical",0.381469966185839
"1493","Empirical",0.434850749103988
"1494","Empirical",0.434850749103988
"1495","Empirical",0.381469966185839
"1496","Empirical",0.381469966185839
"1497","Empirical",0.381469966185839
"1498","Empirical",0.434850749103988
"1499","Empirical",0.587875660136017
"1500","Empirical",0.587875660136017
"1501","Empirical",0.381469966185839
"1502","Empirical",0.587875660136017
"1503","Empirical",0.434850749103988
"1504","Empirical",0.434850749103988
"1505","Empirical",0.434850749103988
"1506","Empirical",0.381469966185839
"1507","Empirical",0.381469966185839
"1508","Empirical",0.434850749103988
"1509","Empirical",0.587875660136017
"1510","Empirical",0.434850749103988
"1511","Empirical",0.434850749103988
"1512","Empirical",0.587875660136017
"1513","Empirical",0.587875660136017
"1514","Empirical",0.434850749103988
"1515","Empirical",0.587875660136017
"1516","Empirical",0.587875660136017
"1517","Empirical",0.434850749103988
"1518","Empirical",0.587875660136017
"1519","Empirical",0.434850749103988
"1520","Empirical",0.434850749103988
"1521","Empirical",0.434850749103988
"1522","Empirical",0.587875660136017
"1523","Empirical",0.587875660136017
"1524","Empirical",0.587875660136017
"1525","Empirical",0.434850749103988
"1526","Empirical",0.587875660136017
"1527","Empirical",0.434850749103988
"1528","Empirical",0.381469966185839
"1529","Empirical",0.434850749103988
"1530","Empirical",0.381469966185839
"1531","Empirical",0.434850749103988
"1532","Empirical",0.434850749103988
"1533","Empirical",0.434850749103988
"1534","Empirical",0.587875660136017
"1535","Empirical",0.587875660136017
"1536","Empirical",0.587875660136017
"1537","Empirical",0.587875660136017
"1538","Empirical",0.587875660136017
"1539","Empirical",0.381469966185839
"1540","Empirical",0.587875660136017
"1541","Empirical",0.587875660136017
"1542","Empirical",0.587875660136017
"1543","Empirical",0.587875660136017
"1544","Empirical",0.434850749103988
"1545","Empirical",0.587875660136017
"1546","Empirical",0.381469966185839
"1547","Empirical",0.587875660136017
"1548","Empirical",0.434850749103988
"1549","Empirical",0.434850749103988
"1550","Empirical",0.434850749103988
"1551","Empirical",0.434850749103988
"1552","Empirical",0.434850749103988
"1553","Empirical",0.434850749103988
"1554","Empirical",0.434850749103988
"1555","Empirical",0.587875660136017
"1556","Empirical",0.587875660136017
"1557","Empirical",0.434850749103988
"1558","Empirical",0.587875660136017
"1559","Empirical",0.434850749103988
"1560","Empirical",0.587875660136017
"1561","Empirical",0.381469966185839
"1562","Empirical",0.587875660136017
"1563","Empirical",0.587875660136017
"1564","Empirical",0.434850749103988
"1565","Empirical",0.587875660136017
"1566","Empirical",0.434850749103988
"1567","Empirical",0.587875660136017
"1568","Empirical",0.587875660136017
"1569","Empirical",0.587875660136017
"1570","Empirical",0.434850749103988
"1571","Empirical",0.434850749103988
"1572","Empirical",0.587875660136017
"1573","Empirical",0.434850749103988
"1574","Empirical",0.434850749103988
"1575","Empirical",0.434850749103988
"1576","Empirical",0.434850749103988
"1577","Empirical",0.434850749103988
"1578","Empirical",0.434850749103988
"1579","Empirical",0.587875660136017
"1580","Empirical",0.434850749103988
"1581","Empirical",0.587875660136017
"1582","Empirical",0.434850749103988
"1583","Empirical",0.434850749103988
"1584","Empirical",0.434850749103988
"1585","Empirical",0.434850749103988
"1586","Empirical",0.434850749103988
"1587","Empirical",0.434850749103988
"1588","Empirical",0.434850749103988
"1589","Empirical",0.434850749103988
"1590","Empirical",0.434850749103988
"1591","Empirical",0.434850749103988
"1592","Empirical",0.587875660136017
"1593","Empirical",0.434850749103988
"1594","Empirical",0.434850749103988
"1595","Empirical",0.434850749103988
"1596","Empirical",0.434850749103988
"1597","Empirical",0.587875660136017
"1598","Empirical",0.434850749103988
"1599","Empirical",0.434850749103988
"1600","Empirical",0.434850749103988
"1601","Empirical",0.587875660136017
"1602","Empirical",0.587875660136017
"1603","Empirical",0.587875660136017
"1604","Empirical",0.587875660136017
"1605","Empirical",0.434850749103988
"1606","Empirical",0.587875660136017
"1607","Empirical",0.434850749103988
"1608","Empirical",0.434850749103988
"1609","Empirical",0.434850749103988
"1610","Empirical",0.587875660136017
"1611","Empirical",0.434850749103988
"1612","Empirical",0.587875660136017
"1613","Empirical",0.434850749103988
"1614","Empirical",0.434850749103988
"1615","Empirical",0.434850749103988
"1616","Empirical",0.434850749103988
"1617","Empirical",0.434850749103988
"1618","Empirical",0.434850749103988
"1619","Empirical",0.434850749103988
"1620","Empirical",0.587875660136017
"1621","Empirical",0.587875660136017
"1622","Empirical",0.434850749103988
"1623","Empirical",0.434850749103988
"1624","Empirical",0.434850749103988
"1625","Empirical",0.434850749103988
"1626","Empirical",0.434850749103988
"1627","Empirical",0.434850749103988
"1628","Empirical",0.587875660136017
"1629","Empirical",0.434850749103988
"1630","Empirical",0.434850749103988
"1631","Empirical",0.434850749103988
"1632","Empirical",0.587875660136017
"1633","Empirical",0.587875660136017
"1634","Empirical",0.434850749103988
"1635","Empirical",0.434850749103988
"1636","Empirical",0.587875660136017
"1637","Empirical",0.434850749103988
"1638","Empirical",0.434850749103988
"1639","Empirical",0.434850749103988
"1640","Empirical",0.381469966185839
"1641","Empirical",0.587875660136017
"1642","Empirical",0.434850749103988
"1643","Empirical",0.434850749103988
"1644","Empirical",0.587875660136017
"1645","Empirical",0.434850749103988
"1646","Empirical",0.434850749103988
"1647","Empirical",0.434850749103988
"1648","Empirical",0.434850749103988
"1649","Empirical",0.434850749103988
"1650","Empirical",0.434850749103988
"1651","Empirical",0.434850749103988
"1652","Empirical",0.434850749103988
"1653","Empirical",0.434850749103988
"1654","Empirical",0.587875660136017
"1655","Empirical",0.587875660136017
"1656","Empirical",0.434850749103988
"1657","Empirical",0.434850749103988
"1658","Empirical",0.587875660136017
"1659","Empirical",0.434850749103988
"1660","Empirical",0.434850749103988
"1661","Empirical",0.434850749103988
"1662","Empirical",0.434850749103988
"1663","Empirical",0.434850749103988
"1664","Empirical",0.434850749103988
"1665","Empirical",0.587875660136017
"1666","Empirical",0.587875660136017
"1667","Empirical",0.434850749103988
"1668","Empirical",0.434850749103988
"1669","Empirical",0.587875660136017
"1670","Empirical",0.587875660136017
"1671","Empirical",0.434850749103988
"1672","Empirical",0.587875660136017
"1673","Empirical",0.434850749103988
"1674","Empirical",0.434850749103988
"1675","Empirical",0.587875660136017
"1676","Empirical",0.434850749103988
"1677","Empirical",0.434850749103988
"1678","Empirical",0.434850749103988
"1679","Empirical",0.434850749103988
"1680","Empirical",0.434850749103988
"1681","Empirical",0.434850749103988
"1682","Empirical",0.587875660136017
"1683","Empirical",0.434850749103988
"1684","Empirical",0.434850749103988
"1685","Empirical",0.434850749103988
"1686","Empirical",0.434850749103988
"1687","Empirical",0.434850749103988
"1688","Empirical",0.587875660136017
"1689","Empirical",0.434850749103988
"1690","Empirical",0.587875660136017
"1691","Empirical",0.434850749103988
"1692","Empirical",0.587875660136017
"1693","Empirical",0.434850749103988
"1694","Empirical",0.434850749103988
"1695","Empirical",0.434850749103988
